,loss,f10,time_this_iter_s,should_checkpoint,done,timesteps_total,episodes_total,training_iteration,trial_id,experiment_id,date,timestamp,time_total_s,pid,hostname,node_ip,time_since_restore,timesteps_since_restore,iterations_since_restore,warmup_time,config/edge_embed_size,config/eta,config/learning_rate,config/max_depth,config/node_embed_size,config/weight,logdir
0,0.4065691268121874,0.7260611757174946,2072.9298825263977,True,False,,,1,0397c_00199,25b0b077c6d74071a9b34e483441cf23,2022-12-15_16-10-50,1671131450,2072.9298825263977,3090,arch,192.168.1.113,2072.9298825263977,0,1,0.0039856433868408,6,0.12848531592936574,0.00011817205438429701,7,7,0.8936248043079877,"/home/italo/ray_results/nenn_xgb_tune/training_function_0397c_00199_199_edge_embed_size=6,eta=0.1285,learning_rate=0.0001,max_depth=7,node_embed_size=7,weight=0.8936_2022-12-15_12-15-23"
1,0.3926003257165084,0.693741612342346,2385.398617506027,True,False,,,1,0397c_00198,f0e5c1362bc9450db5d46d4c8a9bd0ac,2022-12-15_16-07-48,1671131268,2385.398617506027,3052,arch,192.168.1.113,2385.398617506027,0,1,0.0050239562988281,7,0.05162314470625814,0.00010506732274796738,8,9,0.8591257352653546,"/home/italo/ray_results/nenn_xgb_tune/training_function_0397c_00198_198_edge_embed_size=7,eta=0.0516,learning_rate=0.0001,max_depth=8,node_embed_size=9,weight=0.8591_2022-12-15_12-15-22"
2,0.4038248547025629,0.6995665883184955,2796.930474281311,True,False,,,1,0397c_00196,25b0b077c6d74071a9b34e483441cf23,2022-12-15_15-36-17,1671129377,2796.930474281311,3090,arch,192.168.1.113,2796.930474281311,0,1,0.0039856433868408,15,0.028214080805699645,6.543812464964884e-05,3,11,0.8918458646589601,"/home/italo/ray_results/nenn_xgb_tune/training_function_0397c_00196_196_edge_embed_size=15,eta=0.0282,learning_rate=0.0001,max_depth=3,node_embed_size=11,weight=0.8918_2022-12-15_12-15-20"
3,0.5340619841942915,0.1525773195876288,2145.8872575759888,True,False,,,1,0397c_00197,f0e5c1362bc9450db5d46d4c8a9bd0ac,2022-12-15_15-28-03,1671128883,2145.8872575759888,3052,arch,192.168.1.113,2145.8872575759888,0,1,0.0050239562988281,9,0.08983054630950443,0.0008317207155418858,7,4,0.8917718720498996,"/home/italo/ray_results/nenn_xgb_tune/training_function_0397c_00197_197_edge_embed_size=9,eta=0.0898,learning_rate=0.0008,max_depth=7,node_embed_size=4,weight=0.8918_2022-12-15_12-15-21"
4,0.4830083239722896,0.1537662337662338,2158.003340959549,True,False,,,1,0397c_00194,f0e5c1362bc9450db5d46d4c8a9bd0ac,2022-12-15_14-52-17,1671126737,2158.003340959549,3052,arch,192.168.1.113,2158.003340959549,0,1,0.0050239562988281,11,0.1402994616094061,0.00045608494108193216,5,3,0.8661481326715442,"/home/italo/ray_results/nenn_xgb_tune/training_function_0397c_00194_194_edge_embed_size=11,eta=0.1403,learning_rate=0.0005,max_depth=5,node_embed_size=3,weight=0.8661_2022-12-15_12-15-19"
5,0.5183000649954822,0.5161812384856855,1943.3676958084104,True,False,,,1,0397c_00195,25b0b077c6d74071a9b34e483441cf23,2022-12-15_14-49-40,1671126580,1943.3676958084104,3090,arch,192.168.1.113,1943.3676958084104,0,1,0.0039856433868408,7,0.10939157873270577,3.180125384236914e-05,9,4,0.886891662643208,"/home/italo/ray_results/nenn_xgb_tune/training_function_0397c_00195_195_edge_embed_size=7,eta=0.1094,learning_rate=0.0000,max_depth=9,node_embed_size=4,weight=0.8869_2022-12-15_12-15-20"
6,0.4886890435540998,0.4497435477983725,2298.109991312027,True,False,,,1,0397c_00192,25b0b077c6d74071a9b34e483441cf23,2022-12-15_14-17-17,1671124637,2298.109991312027,3090,arch,192.168.1.113,2298.109991312027,0,1,0.0039856433868408,13,0.0661828137701157,0.0001501437027824865,6,5,0.8826368006697833,"/home/italo/ray_results/nenn_xgb_tune/training_function_0397c_00192_192_edge_embed_size=13,eta=0.0662,learning_rate=0.0002,max_depth=6,node_embed_size=5,weight=0.8826_2022-12-15_12-15-17"
7,0.4622234131033356,0.7024036767561976,2133.3541507720947,True,False,,,1,0397c_00193,f0e5c1362bc9450db5d46d4c8a9bd0ac,2022-12-15_14-16-19,1671124579,2133.3541507720947,3052,arch,192.168.1.113,2133.3541507720947,0,1,0.0050239562988281,11,0.17627306192521372,5.081261465795577e-05,6,3,0.8962459571970982,"/home/italo/ray_results/nenn_xgb_tune/training_function_0397c_00193_193_edge_embed_size=11,eta=0.1763,learning_rate=0.0001,max_depth=6,node_embed_size=3,weight=0.8962_2022-12-15_12-15-18"
8,0.4501146943988027,0.4980808568069542,2172.194537639618,True,False,,,1,0397c_00191,f0e5c1362bc9450db5d46d4c8a9bd0ac,2022-12-15_13-40-45,1671122445,2172.194537639618,3052,arch,192.168.1.113,2172.194537639618,0,1,0.0050239562988281,12,0.03192857978244483,4.738009874077586e-05,9,3,0.8025550941849693,"/home/italo/ray_results/nenn_xgb_tune/training_function_0397c_00191_191_edge_embed_size=12,eta=0.0319,learning_rate=0.0000,max_depth=9,node_embed_size=3,weight=0.8026_2022-12-15_12-15-16"
9,0.4051481569940979,0.4504561697425524,2186.246267080307,True,False,,,1,0397c_00190,25b0b077c6d74071a9b34e483441cf23,2022-12-15_13-38-59,1671122339,2186.246267080307,3090,arch,192.168.1.113,2186.246267080307,0,1,0.0039856433868408,7,0.10900533259750413,0.0009418144005390928,6,7,0.8379210566941638,"/home/italo/ray_results/nenn_xgb_tune/training_function_0397c_00190_190_edge_embed_size=7,eta=0.1090,learning_rate=0.0009,max_depth=6,node_embed_size=7,weight=0.8379_2022-12-15_12-15-15"
10,0.4566136996488313,0.140759493670886,2943.3186683654785,True,False,,,1,0397c_00188,f0e5c1362bc9450db5d46d4c8a9bd0ac,2022-12-15_13-04-33,1671120273,2943.3186683654785,3052,arch,192.168.1.113,2943.3186683654785,0,1,0.0050239562988281,15,0.19015691487955205,0.0008102929671455625,5,10,0.835662428112276,"/home/italo/ray_results/nenn_xgb_tune/training_function_0397c_00188_188_edge_embed_size=15,eta=0.1902,learning_rate=0.0008,max_depth=5,node_embed_size=10,weight=0.8357_2022-12-14_21-43-55"
11,0.3941655425606548,0.7362591954914441,2817.215471982956,True,False,,,1,0397c_00189,25b0b077c6d74071a9b34e483441cf23,2022-12-15_13-02-32,1671120152,2817.215471982956,3090,arch,192.168.1.113,2817.215471982956,0,1,0.0039856433868408,15,0.055760427280767674,7.811461890804571e-05,6,8,0.8884471597697894,"/home/italo/ray_results/nenn_xgb_tune/training_function_0397c_00189_189_edge_embed_size=15,eta=0.0558,learning_rate=0.0001,max_depth=6,node_embed_size=8,weight=0.8884_2022-12-14_21-57-55"
12,0.44422858268828,0.5900964582416971,2626.284692525864,True,False,,,1,0397c_00187,999f4ee263f54827931ed3668678da07,2022-12-14_21-57-55,1671065875,2626.284692525864,1235,arch,192.168.1.113,2626.284692525864,0,1,0.0049858093261718,14,0.17758119359979913,0.00010913309919143648,8,8,0.8706542005873918,"/home/italo/ray_results/nenn_xgb_tune/training_function_0397c_00187_187_edge_embed_size=14,eta=0.1776,learning_rate=0.0001,max_depth=8,node_embed_size=8,weight=0.8707_2022-12-14_21-14-09"
13,0.4913415828266659,0.1464917711447091,2270.768876314163,True,False,,,1,0397c_00186,902d355360394f228475af836470ecee,2022-12-14_21-43-55,1671065035,2270.768876314163,1269,arch,192.168.1.113,2270.768876314163,0,1,0.0041236877441406,5,0.18312772530170263,1.028717142967176e-05,7,8,0.8067144370736955,"/home/italo/ray_results/nenn_xgb_tune/training_function_0397c_00186_186_edge_embed_size=5,eta=0.1831,learning_rate=0.0000,max_depth=7,node_embed_size=8,weight=0.8067_2022-12-14_21-06-05"
14,0.5233202328553072,0.6026306770733633,2315.103758573532,True,False,,,1,0397c_00185,999f4ee263f54827931ed3668678da07,2022-12-14_21-14-09,1671063249,2315.103758573532,1235,arch,192.168.1.113,2315.103758573532,0,1,0.0049858093261718,12,0.04679629264208844,2.2606364149056334e-05,9,6,0.8948090421902705,"/home/italo/ray_results/nenn_xgb_tune/training_function_0397c_00185_185_edge_embed_size=12,eta=0.0468,learning_rate=0.0000,max_depth=9,node_embed_size=6,weight=0.8948_2022-12-14_20-35-34"
15,0.4202649937288181,0.6796180848970939,2480.660824775696,True,False,,,1,0397c_00184,902d355360394f228475af836470ecee,2022-12-14_21-06-05,1671062765,2480.660824775696,1269,arch,192.168.1.113,2480.660824775696,0,1,0.0041236877441406,6,0.1741194334527378,8.487731897124298e-05,9,11,0.87765591849971,"/home/italo/ray_results/nenn_xgb_tune/training_function_0397c_00184_184_edge_embed_size=6,eta=0.1741,learning_rate=0.0001,max_depth=9,node_embed_size=11,weight=0.8777_2022-12-14_20-24-44"
16,0.3886746649806564,0.7173768468636799,1933.2760248184204,True,False,,,1,0397c_00183,999f4ee263f54827931ed3668678da07,2022-12-14_20-35-34,1671060934,1933.2760248184204,1235,arch,192.168.1.113,1933.2760248184204,0,1,0.0049858093261718,4,0.054685416214467625,0.00020738278128401506,9,6,0.8889520063946146,"/home/italo/ray_results/nenn_xgb_tune/training_function_0397c_00183_183_edge_embed_size=4,eta=0.0547,learning_rate=0.0002,max_depth=9,node_embed_size=6,weight=0.8890_2022-12-14_20-03-20"
17,0.5410241896236265,0.0097574974888793,2356.7771439552307,True,False,,,1,0397c_00182,902d355360394f228475af836470ecee,2022-12-14_20-24-44,1671060284,2356.7771439552307,1269,arch,192.168.1.113,2356.7771439552307,0,1,0.0041236877441406,5,0.014303861840006257,1.0430281018731609e-05,4,10,0.8613029694509786,"/home/italo/ray_results/nenn_xgb_tune/training_function_0397c_00182_182_edge_embed_size=5,eta=0.0143,learning_rate=0.0000,max_depth=4,node_embed_size=10,weight=0.8613_2022-12-14_19-45-27"
18,0.4219150846874392,0.5733249574356667,2637.4509110450745,True,False,,,1,0397c_00181,999f4ee263f54827931ed3668678da07,2022-12-14_20-03-20,1671059000,2637.4509110450745,1235,arch,192.168.1.113,2637.4509110450745,0,1,0.0049858093261718,12,0.042509729950392754,5.238253955063672e-05,3,10,0.8201743226264966,"/home/italo/ray_results/nenn_xgb_tune/training_function_0397c_00181_181_edge_embed_size=12,eta=0.0425,learning_rate=0.0001,max_depth=3,node_embed_size=10,weight=0.8202_2022-12-14_19-19-23"
19,0.4502113846508232,0.2987610760333209,2061.5259778499603,True,False,,,1,0397c_00180,902d355360394f228475af836470ecee,2022-12-14_19-45-27,1671057927,2061.5259778499603,1269,arch,192.168.1.113,2061.5259778499603,0,1,0.0041236877441406,8,0.013776520512758747,0.00035316365172527827,4,3,0.8596745308978596,"/home/italo/ray_results/nenn_xgb_tune/training_function_0397c_00180_180_edge_embed_size=8,eta=0.0138,learning_rate=0.0004,max_depth=4,node_embed_size=3,weight=0.8597_2022-12-14_19-11-06"
20,0.4132233675267245,0.4373529464792796,2632.718064785004,True,False,,,1,0397c_00179,999f4ee263f54827931ed3668678da07,2022-12-14_19-19-23,1671056363,2632.718064785004,1235,arch,192.168.1.113,2632.718064785004,0,1,0.0049858093261718,8,0.014163513195061494,0.0002656209760728963,5,11,0.8297018357107688,"/home/italo/ray_results/nenn_xgb_tune/training_function_0397c_00179_179_edge_embed_size=8,eta=0.0142,learning_rate=0.0003,max_depth=5,node_embed_size=11,weight=0.8297_2022-12-14_18-35-30"
21,0.3939110353186324,0.7361504812297778,2628.9801466465,True,False,,,1,0397c_00178,902d355360394f228475af836470ecee,2022-12-14_19-11-06,1671055866,2628.9801466465,1269,arch,192.168.1.113,2628.9801466465,0,1,0.0041236877441406,10,0.126299573974497,0.0001026895676188772,8,10,0.8853975292639489,"/home/italo/ray_results/nenn_xgb_tune/training_function_0397c_00178_178_edge_embed_size=10,eta=0.1263,learning_rate=0.0001,max_depth=8,node_embed_size=10,weight=0.8854_2022-12-14_18-27-17"
22,0.404012956409841,0.6995539191347575,2229.691081762314,True,False,,,1,0397c_00177,999f4ee263f54827931ed3668678da07,2022-12-14_18-35-30,1671053730,2229.691081762314,1235,arch,192.168.1.113,2229.691081762314,0,1,0.0049858093261718,9,0.05800166621698929,0.00010066480576535266,6,7,0.8683025994409472,"/home/italo/ray_results/nenn_xgb_tune/training_function_0397c_00177_177_edge_embed_size=9,eta=0.0580,learning_rate=0.0001,max_depth=6,node_embed_size=7,weight=0.8683_2022-12-14_17-58-20"
23,0.4806272274739033,0.1489583333333333,2332.8392944335938,True,False,,,1,0397c_00176,902d355360394f228475af836470ecee,2022-12-14_18-27-17,1671053237,2332.8392944335938,1269,arch,192.168.1.113,2332.8392944335938,0,1,0.0041236877441406,15,0.022240794051158804,0.0002515884228566237,7,4,0.8619270966350664,"/home/italo/ray_results/nenn_xgb_tune/training_function_0397c_00176_176_edge_embed_size=15,eta=0.0222,learning_rate=0.0003,max_depth=7,node_embed_size=4,weight=0.8619_2022-12-14_17-48-24"
24,0.4160609615815652,0.6036531220509685,2753.279062747956,True,False,,,1,0397c_00175,999f4ee263f54827931ed3668678da07,2022-12-14_17-58-20,1671051500,2753.279062747956,1235,arch,192.168.1.113,2753.279062747956,0,1,0.0049858093261718,12,0.035229876417510915,0.00013469615999846222,5,11,0.854966247787871,"/home/italo/ray_results/nenn_xgb_tune/training_function_0397c_00175_175_edge_embed_size=12,eta=0.0352,learning_rate=0.0001,max_depth=5,node_embed_size=11,weight=0.8550_2022-12-14_17-12-27"
25,0.4130311597037959,0.6171383081360962,2361.6726291179657,True,False,,,1,0397c_00174,902d355360394f228475af836470ecee,2022-12-14_17-48-24,1671050904,2361.6726291179657,1269,arch,192.168.1.113,2361.6726291179657,0,1,0.0041236877441406,10,0.13676181489429864,0.00018842791583106007,7,7,0.8435520823657623,"/home/italo/ray_results/nenn_xgb_tune/training_function_0397c_00174_174_edge_embed_size=10,eta=0.1368,learning_rate=0.0002,max_depth=7,node_embed_size=7,weight=0.8436_2022-12-14_11-46-34"
26,0.4700731243636157,0.309079812297324,2221.063192129135,True,False,,,1,0397c_00173,999f4ee263f54827931ed3668678da07,2022-12-14_17-12-27,1671048747,2221.063192129135,1235,arch,192.168.1.113,2221.063192129135,0,1,0.0049858093261718,5,0.023870081624960873,5.763908429048872e-05,6,8,0.8432389095444848,"/home/italo/ray_results/nenn_xgb_tune/training_function_0397c_00173_173_edge_embed_size=5,eta=0.0239,learning_rate=0.0001,max_depth=6,node_embed_size=8,weight=0.8432_2022-12-14_11-46-33"
27,0.4986459255218506,0.15,2434.365155220032,True,False,,,1,0397c_00172,902d355360394f228475af836470ecee,2022-12-14_17-09-02,1671048542,2434.365155220032,1269,arch,192.168.1.113,2434.365155220032,0,1,0.0041236877441406,14,0.07407022037602215,0.00016206845166305813,6,7,0.8043501186059716,"/home/italo/ray_results/nenn_xgb_tune/training_function_0397c_00172_172_edge_embed_size=14,eta=0.0741,learning_rate=0.0002,max_depth=6,node_embed_size=7,weight=0.8044_2022-12-14_11-46-32"
28,0.4108784612771627,0.5948146762446196,2639.550494670868,True,False,,,1,0397c_00171,999f4ee263f54827931ed3668678da07,2022-12-14_16-35-26,1671046526,2639.550494670868,1235,arch,192.168.1.113,2639.550494670868,0,1,0.0049858093261718,11,0.15303477846027888,0.00016551167718114435,7,9,0.8935035730579011,"/home/italo/ray_results/nenn_xgb_tune/training_function_0397c_00171_171_edge_embed_size=11,eta=0.1530,learning_rate=0.0002,max_depth=7,node_embed_size=9,weight=0.8935_2022-12-14_11-46-31"
29,0.4721951851973662,0.1244404615594537,2241.078040599823,True,False,,,1,0397c_00170,902d355360394f228475af836470ecee,2022-12-14_16-28-28,1671046108,2241.078040599823,1269,arch,192.168.1.113,2241.078040599823,0,1,0.0041236877441406,9,0.0513093800752832,2.368296683661109e-05,4,7,0.8286269247764704,"/home/italo/ray_results/nenn_xgb_tune/training_function_0397c_00170_170_edge_embed_size=9,eta=0.0513,learning_rate=0.0000,max_depth=4,node_embed_size=7,weight=0.8286_2022-12-14_11-46-30"
30,0.401144261698465,0.4605818907496591,2082.3512556552887,True,False,,,1,0397c_00169,999f4ee263f54827931ed3668678da07,2022-12-14_15-51-26,1671043886,2082.3512556552887,1235,arch,192.168.1.113,2082.3512556552887,0,1,0.0049858093261718,9,0.12255599285553792,0.0003642671896817953,8,3,0.8161695429395636,"/home/italo/ray_results/nenn_xgb_tune/training_function_0397c_00169_169_edge_embed_size=9,eta=0.1226,learning_rate=0.0004,max_depth=8,node_embed_size=3,weight=0.8162_2022-12-14_11-46-29"
31,0.5370019017039118,0.3760566820253371,2151.9772868156438,True,False,,,1,0397c_00168,902d355360394f228475af836470ecee,2022-12-14_15-51-06,1671043866,2151.9772868156438,1269,arch,192.168.1.113,2151.9772868156438,0,1,0.0041236877441406,9,0.011576541847375294,1.0543397940141055e-05,8,5,0.8845113115574702,"/home/italo/ray_results/nenn_xgb_tune/training_function_0397c_00168_168_edge_embed_size=9,eta=0.0116,learning_rate=0.0000,max_depth=8,node_embed_size=5,weight=0.8845_2022-12-14_11-46-28"
32,0.4151684049818967,0.6874139143233181,2051.7176938056946,True,False,,,1,0397c_00167,999f4ee263f54827931ed3668678da07,2022-12-14_15-16-44,1671041804,2051.7176938056946,1235,arch,192.168.1.113,2051.7176938056946,0,1,0.0049858093261718,7,0.022712831557102336,8.716811429944997e-05,8,6,0.8784791918210122,"/home/italo/ray_results/nenn_xgb_tune/training_function_0397c_00167_167_edge_embed_size=7,eta=0.0227,learning_rate=0.0001,max_depth=8,node_embed_size=6,weight=0.8785_2022-12-14_11-46-27"
33,0.4256692397433358,0.4394600191181022,2752.148229122162,True,False,,,1,0397c_00166,902d355360394f228475af836470ecee,2022-12-14_15-15-14,1671041714,2752.148229122162,1269,arch,192.168.1.113,2752.148229122162,0,1,0.0041236877441406,10,0.017525298040382678,0.00025683569959153115,4,11,0.8629359722829583,"/home/italo/ray_results/nenn_xgb_tune/training_function_0397c_00166_166_edge_embed_size=10,eta=0.0175,learning_rate=0.0003,max_depth=4,node_embed_size=11,weight=0.8629_2022-12-14_11-46-26"
34,0.4049046427816958,0.7065337338683653,2074.025308609009,True,False,,,1,0397c_00165,999f4ee263f54827931ed3668678da07,2022-12-14_14-42-32,1671039752,2074.025308609009,1235,arch,192.168.1.113,2074.025308609009,0,1,0.0049858093261718,6,0.12848531592936574,0.00011817205438429701,7,7,0.8936248043079877,"/home/italo/ray_results/nenn_xgb_tune/training_function_0397c_00165_165_edge_embed_size=6,eta=0.1285,learning_rate=0.0001,max_depth=7,node_embed_size=7,weight=0.8936_2022-12-14_11-46-25"
35,0.3986320257992357,0.7141422677371441,2363.067158460617,True,False,,,1,0397c_00164,902d355360394f228475af836470ecee,2022-12-14_14-29-22,1671038962,2363.067158460617,1269,arch,192.168.1.113,2363.067158460617,0,1,0.0041236877441406,7,0.05162314470625814,0.00010506732274796738,8,9,0.8591257352653546,"/home/italo/ray_results/nenn_xgb_tune/training_function_0397c_00164_164_edge_embed_size=7,eta=0.0516,learning_rate=0.0001,max_depth=8,node_embed_size=9,weight=0.8591_2022-12-14_11-46-24"
36,0.5062029348837364,0.154074074074074,2142.1771006584167,True,False,,,1,0397c_00163,999f4ee263f54827931ed3668678da07,2022-12-14_14-07-58,1671037678,2142.1771006584167,1235,arch,192.168.1.113,2142.1771006584167,0,1,0.0049858093261718,9,0.08983054630950443,0.0008317207155418858,7,4,0.8917718720498996,"/home/italo/ray_results/nenn_xgb_tune/training_function_0397c_00163_163_edge_embed_size=9,eta=0.0898,learning_rate=0.0008,max_depth=7,node_embed_size=4,weight=0.8918_2022-12-14_11-46-23"
37,0.4087756113426105,0.6924782508367283,2795.509387731552,True,False,,,1,0397c_00162,902d355360394f228475af836470ecee,2022-12-14_13-49-59,1671036599,2795.509387731552,1269,arch,192.168.1.113,2795.509387731552,0,1,0.0041236877441406,15,0.028214080805699645,6.543812464964884e-05,3,11,0.8918458646589601,"/home/italo/ray_results/nenn_xgb_tune/training_function_0397c_00162_162_edge_embed_size=15,eta=0.0282,learning_rate=0.0001,max_depth=3,node_embed_size=11,weight=0.8918_2022-12-14_11-46-22"
38,0.5246631979942322,0.518713961112999,1941.9454362392423,True,False,,,1,0397c_00161,999f4ee263f54827931ed3668678da07,2022-12-14_13-32-16,1671035536,1941.9454362392423,1235,arch,192.168.1.113,1941.9454362392423,0,1,0.0049858093261718,7,0.10939157873270577,3.180125384236914e-05,9,4,0.886891662643208,"/home/italo/ray_results/nenn_xgb_tune/training_function_0397c_00161_161_edge_embed_size=7,eta=0.1094,learning_rate=0.0000,max_depth=9,node_embed_size=4,weight=0.8869_2022-12-14_11-46-21"
39,0.4279053628444672,0.4685061499347213,2208.199234724045,True,False,,,1,0397c_00160,902d355360394f228475af836470ecee,2022-12-14_13-03-24,1671033804,2208.199234724045,1269,arch,192.168.1.113,2208.199234724045,0,1,0.0041236877441406,11,0.1402994616094061,0.00045608494108193216,5,3,0.8661481326715442,"/home/italo/ray_results/nenn_xgb_tune/training_function_0397c_00160_160_edge_embed_size=11,eta=0.1403,learning_rate=0.0005,max_depth=5,node_embed_size=3,weight=0.8661_2022-12-14_11-46-20"
40,0.4639774616505648,0.7042753793073121,2114.172137260437,True,False,,,1,0397c_00159,999f4ee263f54827931ed3668678da07,2022-12-14_12-59-54,1671033594,2114.172137260437,1235,arch,192.168.1.113,2114.172137260437,0,1,0.0049858093261718,11,0.17627306192521372,5.081261465795577e-05,6,3,0.8962459571970982,"/home/italo/ray_results/nenn_xgb_tune/training_function_0397c_00159_159_edge_embed_size=11,eta=0.1763,learning_rate=0.0001,max_depth=6,node_embed_size=3,weight=0.8962_2022-12-14_11-46-19"
41,0.4551104941883602,0.4571632259762055,2389.4674360752106,True,False,,,1,0397c_00158,902d355360394f228475af836470ecee,2022-12-14_12-26-35,1671031595,2389.4674360752106,1269,arch,192.168.1.113,2389.4674360752106,0,1,0.0041236877441406,13,0.0661828137701157,0.0001501437027824865,6,5,0.8826368006697833,"/home/italo/ray_results/nenn_xgb_tune/training_function_0397c_00158_158_edge_embed_size=13,eta=0.0662,learning_rate=0.0002,max_depth=6,node_embed_size=5,weight=0.8826_2022-12-13_22-08-33"
42,0.4503592760176271,0.5498397175294419,2279.354689359665,True,False,,,1,0397c_00157,999f4ee263f54827931ed3668678da07,2022-12-14_12-24-40,1671031480,2279.354689359665,1235,arch,192.168.1.113,2279.354689359665,0,1,0.0049858093261718,12,0.03192857978244483,4.738009874077586e-05,9,3,0.8025550941849693,"/home/italo/ray_results/nenn_xgb_tune/training_function_0397c_00157_157_edge_embed_size=12,eta=0.0319,learning_rate=0.0000,max_depth=9,node_embed_size=3,weight=0.8026_2022-12-13_22-00-18"
43,0.4826531386858708,0.0,2160.5676991939545,True,False,,,1,0397c_00156,0452022b29c547e996f68d77898c9642,2022-12-13_22-08-33,1670980113,2160.5676991939545,1243,arch,192.168.1.113,2160.5676991939545,0,1,0.0043666362762451,7,0.10900533259750413,0.0009418144005390928,6,7,0.8379210566941638,"/home/italo/ray_results/nenn_xgb_tune/training_function_0397c_00156_156_edge_embed_size=7,eta=0.1090,learning_rate=0.0009,max_depth=6,node_embed_size=7,weight=0.8379_2022-12-13_21-32-32"
44,0.3915979341880695,0.7422711275504389,2692.411641597748,True,False,,,1,0397c_00155,b0c6b18e2685400dbb54a759307d36d8,2022-12-13_22-00-18,1670979618,2692.411641597748,1277,arch,192.168.1.113,2692.411641597748,0,1,0.0042827129364013,15,0.055760427280767674,7.811461890804571e-05,6,8,0.8884471597697894,"/home/italo/ray_results/nenn_xgb_tune/training_function_0397c_00155_155_edge_embed_size=15,eta=0.0558,learning_rate=0.0001,max_depth=6,node_embed_size=8,weight=0.8884_2022-12-13_21-15-25"
45,0.4264786026767782,0.3027460543931213,2891.210635900497,True,False,,,1,0397c_00154,0452022b29c547e996f68d77898c9642,2022-12-13_21-32-32,1670977952,2891.210635900497,1243,arch,192.168.1.113,2891.210635900497,0,1,0.0043666362762451,15,0.19015691487955205,0.0008102929671455625,5,10,0.835662428112276,"/home/italo/ray_results/nenn_xgb_tune/training_function_0397c_00154_154_edge_embed_size=15,eta=0.1902,learning_rate=0.0008,max_depth=5,node_embed_size=10,weight=0.8357_2022-12-13_20-44-21"
46,0.5334965390128058,0.2979071553228621,2638.0198016166687,True,False,,,1,0397c_00153,b0c6b18e2685400dbb54a759307d36d8,2022-12-13_21-15-25,1670976925,2638.0198016166687,1277,arch,192.168.1.113,2638.0198016166687,0,1,0.0042827129364013,14,0.17758119359979913,0.00010913309919143648,8,8,0.8706542005873918,"/home/italo/ray_results/nenn_xgb_tune/training_function_0397c_00153_153_edge_embed_size=14,eta=0.1776,learning_rate=0.0001,max_depth=8,node_embed_size=8,weight=0.8707_2022-12-13_20-31-27"
47,0.4971269220113754,0.169417393122568,2269.993371963501,True,False,,,1,0397c_00152,0452022b29c547e996f68d77898c9642,2022-12-13_20-44-21,1670975061,2269.993371963501,1243,arch,192.168.1.113,2269.993371963501,0,1,0.0043666362762451,5,0.18312772530170263,1.028717142967176e-05,7,8,0.8067144370736955,"/home/italo/ray_results/nenn_xgb_tune/training_function_0397c_00152_152_edge_embed_size=5,eta=0.1831,learning_rate=0.0000,max_depth=7,node_embed_size=8,weight=0.8067_2022-12-13_20-06-31"
48,0.5262757699231845,0.5620610126028083,2323.253202676773,True,False,,,1,0397c_00151,b0c6b18e2685400dbb54a759307d36d8,2022-12-13_20-31-27,1670974287,2323.253202676773,1277,arch,192.168.1.113,2323.253202676773,0,1,0.0042827129364013,12,0.04679629264208844,2.2606364149056334e-05,9,6,0.8948090421902705,"/home/italo/ray_results/nenn_xgb_tune/training_function_0397c_00151_151_edge_embed_size=12,eta=0.0468,learning_rate=0.0000,max_depth=9,node_embed_size=6,weight=0.8948_2022-12-13_19-52-44"
49,0.4202905683098613,0.700644121633375,2474.1892051696777,True,False,,,1,0397c_00150,0452022b29c547e996f68d77898c9642,2022-12-13_20-06-31,1670972791,2474.1892051696777,1243,arch,192.168.1.113,2474.1892051696777,0,1,0.0043666362762451,6,0.1741194334527378,8.487731897124298e-05,9,11,0.87765591849971,"/home/italo/ray_results/nenn_xgb_tune/training_function_0397c_00150_150_edge_embed_size=6,eta=0.1741,learning_rate=0.0001,max_depth=9,node_embed_size=11,weight=0.8777_2022-12-13_19-25-17"
50,0.3805446387142748,0.7177483824993911,1953.4326453208923,True,False,,,1,0397c_00149,b0c6b18e2685400dbb54a759307d36d8,2022-12-13_19-52-44,1670971964,1953.4326453208923,1277,arch,192.168.1.113,1953.4326453208923,0,1,0.0042827129364013,4,0.054685416214467625,0.00020738278128401506,9,6,0.8889520063946146,"/home/italo/ray_results/nenn_xgb_tune/training_function_0397c_00149_149_edge_embed_size=4,eta=0.0547,learning_rate=0.0002,max_depth=9,node_embed_size=6,weight=0.8890_2022-12-13_19-20-11"
51,0.4370657426279944,0.4827533591159237,2692.9851982593536,True,False,,,1,0397c_00147,0452022b29c547e996f68d77898c9642,2022-12-13_19-25-17,1670970317,2692.9851982593536,1243,arch,192.168.1.113,2692.9851982593536,0,1,0.0043666362762451,12,0.042509729950392754,5.238253955063672e-05,3,10,0.8201743226264966,"/home/italo/ray_results/nenn_xgb_tune/training_function_0397c_00147_147_edge_embed_size=12,eta=0.0425,learning_rate=0.0001,max_depth=3,node_embed_size=10,weight=0.8202_2022-12-13_18-40-24"
52,0.5350925906284434,0.013649624563585,2371.716769933701,True,False,,,1,0397c_00148,b0c6b18e2685400dbb54a759307d36d8,2022-12-13_19-20-11,1670970011,2371.716769933701,1277,arch,192.168.1.113,2371.716769933701,0,1,0.0042827129364013,5,0.014303861840006257,1.0430281018731609e-05,4,10,0.8613029694509786,"/home/italo/ray_results/nenn_xgb_tune/training_function_0397c_00148_148_edge_embed_size=5,eta=0.0143,learning_rate=0.0000,max_depth=4,node_embed_size=10,weight=0.8613_2022-12-13_18-40-39"
53,0.3913497857145361,0.6051829701715411,2066.154332876205,True,False,,,1,0397c_00146,b0c6b18e2685400dbb54a759307d36d8,2022-12-13_18-40-39,1670967639,2066.154332876205,1277,arch,192.168.1.113,2066.154332876205,0,1,0.0042827129364013,8,0.013776520512758747,0.00035316365172527827,4,3,0.8596745308978596,"/home/italo/ray_results/nenn_xgb_tune/training_function_0397c_00146_146_edge_embed_size=8,eta=0.0138,learning_rate=0.0004,max_depth=4,node_embed_size=3,weight=0.8597_2022-12-13_18-06-13"
54,0.4762321815297411,0.1427821522309711,2627.498788356781,True,False,,,1,0397c_00145,0452022b29c547e996f68d77898c9642,2022-12-13_18-40-24,1670967624,2627.498788356781,1243,arch,192.168.1.113,2627.498788356781,0,1,0.0043666362762451,8,0.014163513195061494,0.0002656209760728963,5,11,0.8297018357107688,"/home/italo/ray_results/nenn_xgb_tune/training_function_0397c_00145_145_edge_embed_size=8,eta=0.0142,learning_rate=0.0003,max_depth=5,node_embed_size=11,weight=0.8297_2022-12-13_17-56-36"
55,0.3890828868827304,0.736063126069228,2613.5620198249817,True,False,,,1,0397c_00144,b0c6b18e2685400dbb54a759307d36d8,2022-12-13_18-06-13,1670965573,2613.5620198249817,1277,arch,192.168.1.113,2613.5620198249817,0,1,0.0042827129364013,10,0.126299573974497,0.0001026895676188772,8,10,0.8853975292639489,"/home/italo/ray_results/nenn_xgb_tune/training_function_0397c_00144_144_edge_embed_size=10,eta=0.1263,learning_rate=0.0001,max_depth=8,node_embed_size=10,weight=0.8854_2022-12-13_17-22-39"
56,0.3994264436734689,0.7116923686618196,2265.71821141243,True,False,,,1,0397c_00143,0452022b29c547e996f68d77898c9642,2022-12-13_17-56-36,1670964996,2265.71821141243,1243,arch,192.168.1.113,2265.71821141243,0,1,0.0043666362762451,9,0.05800166621698929,0.00010066480576535266,6,7,0.8683025994409472,"/home/italo/ray_results/nenn_xgb_tune/training_function_0397c_00143_143_edge_embed_size=9,eta=0.0580,learning_rate=0.0001,max_depth=6,node_embed_size=7,weight=0.8683_2022-12-13_17-18-50"
57,0.4209159676287625,0.4532854339750892,2368.530434846878,True,False,,,1,0397c_00142,b0c6b18e2685400dbb54a759307d36d8,2022-12-13_17-22-39,1670962959,2368.530434846878,1277,arch,192.168.1.113,2368.530434846878,0,1,0.0042827129364013,15,0.022240794051158804,0.0002515884228566237,7,4,0.8619270966350664,"/home/italo/ray_results/nenn_xgb_tune/training_function_0397c_00142_142_edge_embed_size=15,eta=0.0222,learning_rate=0.0003,max_depth=7,node_embed_size=4,weight=0.8619_2022-12-13_16-43-11"
58,0.4144082646112184,0.6040213481468835,2805.3394668102264,True,False,,,1,0397c_00141,0452022b29c547e996f68d77898c9642,2022-12-13_17-18-50,1670962730,2805.3394668102264,1243,arch,192.168.1.113,2805.3394668102264,0,1,0.0043666362762451,12,0.035229876417510915,0.00013469615999846222,5,11,0.854966247787871,"/home/italo/ray_results/nenn_xgb_tune/training_function_0397c_00141_141_edge_embed_size=12,eta=0.0352,learning_rate=0.0001,max_depth=5,node_embed_size=11,weight=0.8550_2022-12-13_16-32-05"
59,0.4707322764235574,0.4418362023502936,2602.400625705719,True,False,,,1,0397c_00140,b0c6b18e2685400dbb54a759307d36d8,2022-12-13_16-43-11,1670960591,2602.400625705719,1277,arch,192.168.1.113,2602.400625705719,0,1,0.0042827129364013,9,0.0174364396487685,3.3829627461380574e-05,8,10,0.8323683202582816,"/home/italo/ray_results/nenn_xgb_tune/training_function_0397c_00140_140_edge_embed_size=9,eta=0.0174,learning_rate=0.0000,max_depth=8,node_embed_size=10,weight=0.8324_2022-12-13_10-48-17"
60,0.4333655764122267,0.4462302326601518,2347.0820076465607,True,False,,,1,0397c_00139,0452022b29c547e996f68d77898c9642,2022-12-13_16-32-05,1670959925,2347.0820076465607,1243,arch,192.168.1.113,2347.0820076465607,0,1,0.0043666362762451,10,0.13676181489429864,0.00018842791583106007,7,7,0.8435520823657623,"/home/italo/ray_results/nenn_xgb_tune/training_function_0397c_00139_139_edge_embed_size=10,eta=0.1368,learning_rate=0.0002,max_depth=7,node_embed_size=7,weight=0.8436_2022-12-13_10-48-16"
61,0.475835915433394,0.1930792920096467,2229.5351371765137,True,False,,,1,0397c_00138,b0c6b18e2685400dbb54a759307d36d8,2022-12-13_15-59-48,1670957988,2229.5351371765137,1277,arch,192.168.1.113,2229.5351371765137,0,1,0.0042827129364013,5,0.023870081624960873,5.763908429048872e-05,6,8,0.8432389095444848,"/home/italo/ray_results/nenn_xgb_tune/training_function_0397c_00138_138_edge_embed_size=5,eta=0.0239,learning_rate=0.0001,max_depth=6,node_embed_size=8,weight=0.8432_2022-12-13_10-48-15"
62,0.4982664018063932,0.2915082886005971,2469.9112696647644,True,False,,,1,0397c_00137,0452022b29c547e996f68d77898c9642,2022-12-13_15-52-58,1670957578,2469.9112696647644,1243,arch,192.168.1.113,2469.9112696647644,0,1,0.0043666362762451,14,0.07407022037602215,0.00016206845166305813,6,7,0.8043501186059716,"/home/italo/ray_results/nenn_xgb_tune/training_function_0397c_00137_137_edge_embed_size=14,eta=0.0741,learning_rate=0.0002,max_depth=6,node_embed_size=7,weight=0.8044_2022-12-13_10-48-14"
63,0.4218308940932557,0.6074055023979796,2618.874284505844,True,False,,,1,0397c_00136,b0c6b18e2685400dbb54a759307d36d8,2022-12-13_15-22-39,1670955759,2618.874284505844,1277,arch,192.168.1.113,2618.874284505844,0,1,0.0042827129364013,11,0.15303477846027888,0.00016551167718114435,7,9,0.8935035730579011,"/home/italo/ray_results/nenn_xgb_tune/training_function_0397c_00136_136_edge_embed_size=11,eta=0.1530,learning_rate=0.0002,max_depth=7,node_embed_size=9,weight=0.8935_2022-12-13_10-48-13"
64,0.4723117527929512,0.158717974876114,2255.222484588623,True,False,,,1,0397c_00135,0452022b29c547e996f68d77898c9642,2022-12-13_15-11-48,1670955108,2255.222484588623,1243,arch,192.168.1.113,2255.222484588623,0,1,0.0043666362762451,9,0.0513093800752832,2.368296683661109e-05,4,7,0.8286269247764704,"/home/italo/ray_results/nenn_xgb_tune/training_function_0397c_00135_135_edge_embed_size=9,eta=0.0513,learning_rate=0.0000,max_depth=4,node_embed_size=7,weight=0.8286_2022-12-13_10-48-13"
65,0.5016672210918891,0.1439153439153439,2087.953479528427,True,False,,,1,0397c_00134,b0c6b18e2685400dbb54a759307d36d8,2022-12-13_14-39-00,1670953140,2087.953479528427,1277,arch,192.168.1.113,2087.953479528427,0,1,0.0042827129364013,9,0.12255599285553792,0.0003642671896817953,8,3,0.8161695429395636,"/home/italo/ray_results/nenn_xgb_tune/training_function_0397c_00134_134_edge_embed_size=9,eta=0.1226,learning_rate=0.0004,max_depth=8,node_embed_size=3,weight=0.8162_2022-12-13_10-48-12"
66,0.5486676460182345,0.3127016078976072,2166.2756807804108,True,False,,,1,0397c_00133,0452022b29c547e996f68d77898c9642,2022-12-13_14-34-13,1670952853,2166.2756807804108,1243,arch,192.168.1.113,2166.2756807804108,0,1,0.0043666362762451,9,0.011576541847375294,1.0543397940141055e-05,8,5,0.8845113115574702,"/home/italo/ray_results/nenn_xgb_tune/training_function_0397c_00133_133_edge_embed_size=9,eta=0.0116,learning_rate=0.0000,max_depth=8,node_embed_size=5,weight=0.8845_2022-12-13_10-48-11"
67,0.4312424002466975,0.4485606652885626,2751.5491173267365,True,False,,,1,0397c_00131,b0c6b18e2685400dbb54a759307d36d8,2022-12-13_14-04-12,1670951052,2751.5491173267365,1277,arch,192.168.1.113,2751.5491173267365,0,1,0.0042827129364013,10,0.017525298040382678,0.00025683569959153115,4,11,0.8629359722829583,"/home/italo/ray_results/nenn_xgb_tune/training_function_0397c_00131_131_edge_embed_size=10,eta=0.0175,learning_rate=0.0003,max_depth=4,node_embed_size=11,weight=0.8629_2022-12-13_10-48-09"
68,0.4201759237695385,0.6842204291307753,2088.6047151088715,True,False,,,1,0397c_00132,0452022b29c547e996f68d77898c9642,2022-12-13_13-58-06,1670950686,2088.6047151088715,1243,arch,192.168.1.113,2088.6047151088715,0,1,0.0043666362762451,7,0.022712831557102336,8.716811429944997e-05,8,6,0.8784791918210122,"/home/italo/ray_results/nenn_xgb_tune/training_function_0397c_00132_132_edge_embed_size=7,eta=0.0227,learning_rate=0.0001,max_depth=8,node_embed_size=6,weight=0.8785_2022-12-13_10-48-10"
69,0.405448966332384,0.7094070557526083,2086.0295112133026,True,False,,,1,0397c_00130,0452022b29c547e996f68d77898c9642,2022-12-13_13-23-18,1670948598,2086.0295112133026,1243,arch,192.168.1.113,2086.0295112133026,0,1,0.0043666362762451,6,0.12848531592936574,0.00011817205438429701,7,7,0.8936248043079877,"/home/italo/ray_results/nenn_xgb_tune/training_function_0397c_00130_130_edge_embed_size=6,eta=0.1285,learning_rate=0.0001,max_depth=7,node_embed_size=7,weight=0.8936_2022-12-13_10-48-08"
70,0.3985522047087952,0.7147629116841971,2378.5640869140625,True,False,,,1,0397c_00129,b0c6b18e2685400dbb54a759307d36d8,2022-12-13_13-18-20,1670948300,2378.5640869140625,1277,arch,192.168.1.113,2378.5640869140625,0,1,0.0042827129364013,7,0.05162314470625814,0.00010506732274796738,8,9,0.8591257352653546,"/home/italo/ray_results/nenn_xgb_tune/training_function_0397c_00129_129_edge_embed_size=7,eta=0.0516,learning_rate=0.0001,max_depth=8,node_embed_size=9,weight=0.8591_2022-12-13_10-48-07"
71,0.406498433850907,0.6894161738916286,2827.51092171669,True,False,,,1,0397c_00127,0452022b29c547e996f68d77898c9642,2022-12-13_12-48-32,1670946512,2827.51092171669,1243,arch,192.168.1.113,2827.51092171669,0,1,0.0043666362762451,15,0.028214080805699645,6.543812464964884e-05,3,11,0.8918458646589601,"/home/italo/ray_results/nenn_xgb_tune/training_function_0397c_00127_127_edge_embed_size=15,eta=0.0282,learning_rate=0.0001,max_depth=3,node_embed_size=11,weight=0.8918_2022-12-13_10-48-05"
72,0.4308820647967827,0.4673582485998505,2186.4714720249176,True,False,,,1,0397c_00128,b0c6b18e2685400dbb54a759307d36d8,2022-12-13_12-38-41,1670945921,2186.4714720249176,1277,arch,192.168.1.113,2186.4714720249176,0,1,0.0042827129364013,9,0.08983054630950443,0.0008317207155418858,7,4,0.8917718720498996,"/home/italo/ray_results/nenn_xgb_tune/training_function_0397c_00128_128_edge_embed_size=9,eta=0.0898,learning_rate=0.0008,max_depth=7,node_embed_size=4,weight=0.8918_2022-12-13_10-48-06"
73,0.4832632030184204,0.1558441558441558,2180.6873693466187,True,False,,,1,0397c_00125,b0c6b18e2685400dbb54a759307d36d8,2022-12-13_12-02-15,1670943735,2180.6873693466187,1277,arch,192.168.1.113,2180.6873693466187,0,1,0.0042827129364013,11,0.1402994616094061,0.00045608494108193216,5,3,0.8661481326715442,"/home/italo/ray_results/nenn_xgb_tune/training_function_0397c_00125_125_edge_embed_size=11,eta=0.1403,learning_rate=0.0005,max_depth=5,node_embed_size=3,weight=0.8661_2022-12-13_10-48-03"
74,0.509043014532811,0.6065916862473796,1958.5835382938385,True,False,,,1,0397c_00126,0452022b29c547e996f68d77898c9642,2022-12-13_12-01-24,1670943684,1958.5835382938385,1243,arch,192.168.1.113,1958.5835382938385,0,1,0.0043666362762451,7,0.10939157873270577,3.180125384236914e-05,9,4,0.886891662643208,"/home/italo/ray_results/nenn_xgb_tune/training_function_0397c_00126_126_edge_embed_size=7,eta=0.1094,learning_rate=0.0000,max_depth=9,node_embed_size=4,weight=0.8869_2022-12-13_10-48-04"
75,0.4551104941883602,0.4571632259762055,2422.400188446045,True,False,,,1,0397c_00123,0452022b29c547e996f68d77898c9642,2022-12-13_11-28-45,1670941725,2422.400188446045,1243,arch,192.168.1.113,2422.400188446045,0,1,0.0043666362762451,13,0.0661828137701157,0.0001501437027824865,6,5,0.8826368006697833,"/home/italo/ray_results/nenn_xgb_tune/training_function_0397c_00123_123_edge_embed_size=13,eta=0.0662,learning_rate=0.0002,max_depth=6,node_embed_size=5,weight=0.8826_2022-12-12_21-47-05"
76,0.4591277516371495,0.7253992772131086,2245.7679533958435,True,False,,,1,0397c_00124,b0c6b18e2685400dbb54a759307d36d8,2022-12-13_11-25-54,1670941554,2245.7679533958435,1277,arch,192.168.1.113,2245.7679533958435,0,1,0.0042827129364013,11,0.17627306192521372,5.081261465795577e-05,6,3,0.8962459571970982,"/home/italo/ray_results/nenn_xgb_tune/training_function_0397c_00124_124_edge_embed_size=11,eta=0.1763,learning_rate=0.0001,max_depth=6,node_embed_size=3,weight=0.8962_2022-12-12_22-08-12"
77,0.4424301338356894,0.6068844657530956,2174.539694070816,True,False,,,1,0397c_00122,664ed1feaebf42d29d9e226cbdea71dd,2022-12-12_22-08-12,1670893692,2174.539694070816,1261,arch,192.168.1.113,2174.539694070816,0,1,0.0040972232818603,12,0.03192857978244483,4.738009874077586e-05,9,3,0.8025550941849693,"/home/italo/ray_results/nenn_xgb_tune/training_function_0397c_00122_122_edge_embed_size=12,eta=0.0319,learning_rate=0.0000,max_depth=9,node_embed_size=3,weight=0.8026_2022-12-12_21-31-57"
78,0.4560860745004705,0.150259067357513,2120.0897262096405,True,False,,,1,0397c_00121,6fb53e61cc1f422ab4af2882548b7e84,2022-12-12_21-47-05,1670892425,2120.0897262096405,1226,arch,192.168.1.113,2120.0897262096405,0,1,0.0056269168853759,7,0.10900533259750413,0.0009418144005390928,6,7,0.8379210566941638,"/home/italo/ray_results/nenn_xgb_tune/training_function_0397c_00121_121_edge_embed_size=7,eta=0.1090,learning_rate=0.0009,max_depth=6,node_embed_size=7,weight=0.8379_2022-12-12_21-11-45"
79,0.3971593715854593,0.7407425313544873,2678.28183054924,True,False,,,1,0397c_00120,664ed1feaebf42d29d9e226cbdea71dd,2022-12-12_21-31-57,1670891517,2678.28183054924,1261,arch,192.168.1.113,2678.28183054924,0,1,0.0040972232818603,15,0.055760427280767674,7.811461890804571e-05,6,8,0.8884471597697894,"/home/italo/ray_results/nenn_xgb_tune/training_function_0397c_00120_120_edge_embed_size=15,eta=0.0558,learning_rate=0.0001,max_depth=6,node_embed_size=8,weight=0.8884_2022-12-12_20-47-19"
80,0.4777760112607801,0.0,2792.261777877808,True,False,,,1,0397c_00119,6fb53e61cc1f422ab4af2882548b7e84,2022-12-12_21-11-45,1670890305,2792.261777877808,1226,arch,192.168.1.113,2792.261777877808,0,1,0.0056269168853759,15,0.19015691487955205,0.0008102929671455625,5,10,0.835662428112276,"/home/italo/ray_results/nenn_xgb_tune/training_function_0397c_00119_119_edge_embed_size=15,eta=0.1902,learning_rate=0.0008,max_depth=5,node_embed_size=10,weight=0.8357_2022-12-12_20-25-13"
81,0.4180649154895061,0.5984710670281351,2682.7557554244995,True,False,,,1,0397c_00118,664ed1feaebf42d29d9e226cbdea71dd,2022-12-12_20-47-19,1670888839,2682.7557554244995,1261,arch,192.168.1.113,2682.7557554244995,0,1,0.0040972232818603,14,0.17758119359979913,0.00010913309919143648,8,8,0.8706542005873918,"/home/italo/ray_results/nenn_xgb_tune/training_function_0397c_00118_118_edge_embed_size=14,eta=0.1776,learning_rate=0.0001,max_depth=8,node_embed_size=8,weight=0.8707_2022-12-12_20-02-36"
82,0.4919196184422518,0.1413541617817424,2238.9208059310918,True,False,,,1,0397c_00117,6fb53e61cc1f422ab4af2882548b7e84,2022-12-12_20-25-13,1670887513,2238.9208059310918,1226,arch,192.168.1.113,2238.9208059310918,0,1,0.0056269168853759,5,0.18312772530170263,1.028717142967176e-05,7,8,0.8067144370736955,"/home/italo/ray_results/nenn_xgb_tune/training_function_0397c_00117_117_edge_embed_size=5,eta=0.1831,learning_rate=0.0000,max_depth=7,node_embed_size=8,weight=0.8067_2022-12-12_19-47-54"
83,0.5275813427325842,0.5368586536928894,2330.024470806122,True,False,,,1,0397c_00116,664ed1feaebf42d29d9e226cbdea71dd,2022-12-12_20-02-36,1670886156,2330.024470806122,1261,arch,192.168.1.113,2330.024470806122,0,1,0.0040972232818603,12,0.04679629264208844,2.2606364149056334e-05,9,6,0.8948090421902705,"/home/italo/ray_results/nenn_xgb_tune/training_function_0397c_00116_116_edge_embed_size=12,eta=0.0468,learning_rate=0.0000,max_depth=9,node_embed_size=6,weight=0.8948_2022-12-12_19-23-46"
84,0.4247515186264708,0.6737359462349017,2444.594025850296,True,False,,,1,0397c_00115,6fb53e61cc1f422ab4af2882548b7e84,2022-12-12_19-47-54,1670885274,2444.594025850296,1226,arch,192.168.1.113,2444.594025850296,0,1,0.0056269168853759,6,0.1741194334527378,8.487731897124298e-05,9,11,0.87765591849971,"/home/italo/ray_results/nenn_xgb_tune/training_function_0397c_00115_115_edge_embed_size=6,eta=0.1741,learning_rate=0.0001,max_depth=9,node_embed_size=11,weight=0.8777_2022-12-12_19-07-09"
85,0.3833198753563133,0.7301184328364598,1952.5752129554749,True,False,,,1,0397c_00114,664ed1feaebf42d29d9e226cbdea71dd,2022-12-12_19-23-46,1670883826,1952.5752129554749,1261,arch,192.168.1.113,1952.5752129554749,0,1,0.0040972232818603,4,0.054685416214467625,0.00020738278128401506,9,6,0.8889520063946146,"/home/italo/ray_results/nenn_xgb_tune/training_function_0397c_00114_114_edge_embed_size=4,eta=0.0547,learning_rate=0.0002,max_depth=9,node_embed_size=6,weight=0.8890_2022-12-12_18-51-13"
86,0.5254481529867328,0.0078437082878291,2325.733559370041,True,False,,,1,0397c_00113,6fb53e61cc1f422ab4af2882548b7e84,2022-12-12_19-07-09,1670882829,2325.733559370041,1226,arch,192.168.1.113,2325.733559370041,0,1,0.0056269168853759,5,0.014303861840006257,1.0430281018731609e-05,4,10,0.8613029694509786,"/home/italo/ray_results/nenn_xgb_tune/training_function_0397c_00113_113_edge_embed_size=5,eta=0.0143,learning_rate=0.0000,max_depth=4,node_embed_size=10,weight=0.8613_2022-12-12_18-28-23"
87,0.4230002318685119,0.5543768656005261,2653.8822948932648,True,False,,,1,0397c_00112,664ed1feaebf42d29d9e226cbdea71dd,2022-12-12_18-51-13,1670881873,2653.8822948932648,1261,arch,192.168.1.113,2653.8822948932648,0,1,0.0040972232818603,12,0.042509729950392754,5.238253955063672e-05,3,10,0.8201743226264966,"/home/italo/ray_results/nenn_xgb_tune/training_function_0397c_00112_112_edge_embed_size=12,eta=0.0425,learning_rate=0.0001,max_depth=3,node_embed_size=10,weight=0.8202_2022-12-12_18-06-59"
88,0.4191732920504905,0.44741922189014,2055.426568508148,True,False,,,1,0397c_00111,6fb53e61cc1f422ab4af2882548b7e84,2022-12-12_18-28-23,1670880503,2055.426568508148,1226,arch,192.168.1.113,2055.426568508148,0,1,0.0056269168853759,8,0.013776520512758747,0.00035316365172527827,4,3,0.8596745308978596,"/home/italo/ray_results/nenn_xgb_tune/training_function_0397c_00111_111_edge_embed_size=8,eta=0.0138,learning_rate=0.0004,max_depth=4,node_embed_size=3,weight=0.8597_2022-12-12_17-54-08"
89,0.3578380411541139,0.7681891597740369,2710.408905506134,True,False,,,1,0397c_00110,664ed1feaebf42d29d9e226cbdea71dd,2022-12-12_18-06-59,1670879219,2710.408905506134,1261,arch,192.168.1.113,2710.408905506134,0,1,0.0040972232818603,8,0.014163513195061494,0.0002656209760728963,5,11,0.8297018357107688,"/home/italo/ray_results/nenn_xgb_tune/training_function_0397c_00110_110_edge_embed_size=8,eta=0.0142,learning_rate=0.0003,max_depth=5,node_embed_size=11,weight=0.8297_2022-12-12_17-21-49"
90,0.3888480995152448,0.7342496242341163,2592.021287679672,True,False,,,1,0397c_00109,6fb53e61cc1f422ab4af2882548b7e84,2022-12-12_17-54-08,1670878448,2592.021287679672,1226,arch,192.168.1.113,2592.021287679672,0,1,0.0056269168853759,10,0.126299573974497,0.0001026895676188772,8,10,0.8853975292639489,"/home/italo/ray_results/nenn_xgb_tune/training_function_0397c_00109_109_edge_embed_size=10,eta=0.1263,learning_rate=0.0001,max_depth=8,node_embed_size=10,weight=0.8854_2022-12-12_17-10-56"
91,0.393091974306751,0.7282313228412611,2235.083029270172,True,False,,,1,0397c_00108,664ed1feaebf42d29d9e226cbdea71dd,2022-12-12_17-21-49,1670876509,2235.083029270172,1261,arch,192.168.1.113,2235.083029270172,0,1,0.0040972232818603,9,0.05800166621698929,0.00010066480576535266,6,7,0.8683025994409472,"/home/italo/ray_results/nenn_xgb_tune/training_function_0397c_00108_108_edge_embed_size=9,eta=0.0580,learning_rate=0.0001,max_depth=6,node_embed_size=7,weight=0.8683_2022-12-12_16-44-34"
92,0.4227974988318778,0.4475239486538583,2337.0393295288086,True,False,,,1,0397c_00107,6fb53e61cc1f422ab4af2882548b7e84,2022-12-12_17-10-56,1670875856,2337.0393295288086,1226,arch,192.168.1.113,2337.0393295288086,0,1,0.0056269168853759,15,0.022240794051158804,0.0002515884228566237,7,4,0.8619270966350664,"/home/italo/ray_results/nenn_xgb_tune/training_function_0397c_00107_107_edge_embed_size=15,eta=0.0222,learning_rate=0.0003,max_depth=7,node_embed_size=4,weight=0.8619_2022-12-12_16-31-59"
93,0.4759035493071015,0.443221915072451,2789.840402364731,True,False,,,1,0397c_00106,664ed1feaebf42d29d9e226cbdea71dd,2022-12-12_16-44-34,1670874274,2789.840402364731,1261,arch,192.168.1.113,2789.840402364731,0,1,0.0040972232818603,12,0.035229876417510915,0.00013469615999846222,5,11,0.854966247787871,"/home/italo/ray_results/nenn_xgb_tune/training_function_0397c_00106_106_edge_embed_size=12,eta=0.0352,learning_rate=0.0001,max_depth=5,node_embed_size=11,weight=0.8550_2022-12-12_15-58-04"
94,0.4743560866729633,0.3023234414538763,2287.003365039825,True,False,,,1,0397c_00105,6fb53e61cc1f422ab4af2882548b7e84,2022-12-12_16-31-59,1670873519,2287.003365039825,1226,arch,192.168.1.113,2287.003365039825,0,1,0.0056269168853759,10,0.13676181489429864,0.00018842791583106007,7,7,0.8435520823657623,"/home/italo/ray_results/nenn_xgb_tune/training_function_0397c_00105_105_edge_embed_size=10,eta=0.1368,learning_rate=0.0002,max_depth=7,node_embed_size=7,weight=0.8436_2022-12-12_10-32-21"
95,0.4653165467687555,0.3998672338372709,2235.7791454792023,True,False,,,1,0397c_00104,664ed1feaebf42d29d9e226cbdea71dd,2022-12-12_15-58-04,1670871484,2235.7791454792023,1261,arch,192.168.1.113,2235.7791454792023,0,1,0.0040972232818603,5,0.023870081624960873,5.763908429048872e-05,6,8,0.8432389095444848,"/home/italo/ray_results/nenn_xgb_tune/training_function_0397c_00104_104_edge_embed_size=5,eta=0.0239,learning_rate=0.0001,max_depth=6,node_embed_size=8,weight=0.8432_2022-12-12_10-32-20"
96,0.3904208605353896,0.5919402430866272,2420.158224344253,True,False,,,1,0397c_00103,6fb53e61cc1f422ab4af2882548b7e84,2022-12-12_15-53-52,1670871232,2420.158224344253,1226,arch,192.168.1.113,2420.158224344253,0,1,0.0056269168853759,14,0.07407022037602215,0.00016206845166305813,6,7,0.8043501186059716,"/home/italo/ray_results/nenn_xgb_tune/training_function_0397c_00103_103_edge_embed_size=14,eta=0.0741,learning_rate=0.0002,max_depth=6,node_embed_size=7,weight=0.8044_2022-12-12_10-32-19"
97,0.4542766887593913,0.4576968463460381,2647.872023820877,True,False,,,1,0397c_00102,664ed1feaebf42d29d9e226cbdea71dd,2022-12-12_15-20-48,1670869248,2647.872023820877,1261,arch,192.168.1.113,2647.872023820877,0,1,0.0040972232818603,11,0.15303477846027888,0.00016551167718114435,7,9,0.8935035730579011,"/home/italo/ray_results/nenn_xgb_tune/training_function_0397c_00102_102_edge_embed_size=11,eta=0.1530,learning_rate=0.0002,max_depth=7,node_embed_size=9,weight=0.8935_2022-12-12_10-32-18"
98,0.4722049339397533,0.1357288376006517,2220.3898689746857,True,False,,,1,0397c_00101,6fb53e61cc1f422ab4af2882548b7e84,2022-12-12_15-13-31,1670868811,2220.3898689746857,1226,arch,192.168.1.113,2220.3898689746857,0,1,0.0056269168853759,9,0.0513093800752832,2.368296683661109e-05,4,7,0.8286269247764704,"/home/italo/ray_results/nenn_xgb_tune/training_function_0397c_00101_101_edge_embed_size=9,eta=0.0513,learning_rate=0.0000,max_depth=4,node_embed_size=7,weight=0.8286_2022-12-12_10-32-18"
99,0.5370019017039118,0.3760566820253371,2131.483477830887,True,False,,,1,0397c_00099,664ed1feaebf42d29d9e226cbdea71dd,2022-12-12_14-36-40,1670866600,2131.483477830887,1261,arch,192.168.1.113,2131.483477830887,0,1,0.0040972232818603,9,0.011576541847375294,1.0543397940141055e-05,8,5,0.8845113115574702,"/home/italo/ray_results/nenn_xgb_tune/training_function_0397c_00099_99_edge_embed_size=9,eta=0.0116,learning_rate=0.0000,max_depth=8,node_embed_size=5,weight=0.8845_2022-12-12_10-32-16"
100,0.401144261698465,0.4605818907496591,2076.179530143738,True,False,,,1,0397c_00100,6fb53e61cc1f422ab4af2882548b7e84,2022-12-12_14-36-31,1670866591,2076.179530143738,1226,arch,192.168.1.113,2076.179530143738,0,1,0.0056269168853759,9,0.12255599285553792,0.0003642671896817953,8,3,0.8161695429395636,"/home/italo/ray_results/nenn_xgb_tune/training_function_0397c_00100_100_edge_embed_size=9,eta=0.1226,learning_rate=0.0004,max_depth=8,node_embed_size=3,weight=0.8162_2022-12-12_10-32-17"
101,0.4151684049818967,0.6874139143233181,2040.1844036579128,True,False,,,1,0397c_00098,6fb53e61cc1f422ab4af2882548b7e84,2022-12-12_14-01-55,1670864515,2040.1844036579128,1226,arch,192.168.1.113,2040.1844036579128,0,1,0.0056269168853759,7,0.022712831557102336,8.716811429944997e-05,8,6,0.8784791918210122,"/home/italo/ray_results/nenn_xgb_tune/training_function_0397c_00098_98_edge_embed_size=7,eta=0.0227,learning_rate=0.0001,max_depth=8,node_embed_size=6,weight=0.8785_2022-12-12_10-32-15"
102,0.4256692397433358,0.4394600191181022,2739.745672941208,True,False,,,1,0397c_00097,664ed1feaebf42d29d9e226cbdea71dd,2022-12-12_14-01-09,1670864469,2739.745672941208,1261,arch,192.168.1.113,2739.745672941208,0,1,0.0040972232818603,10,0.017525298040382678,0.00025683569959153115,4,11,0.8629359722829583,"/home/italo/ray_results/nenn_xgb_tune/training_function_0397c_00097_97_edge_embed_size=10,eta=0.0175,learning_rate=0.0003,max_depth=4,node_embed_size=11,weight=0.8629_2022-12-12_10-32-14"
103,0.4049046427816958,0.7065337338683653,2047.51086974144,True,False,,,1,0397c_00096,6fb53e61cc1f422ab4af2882548b7e84,2022-12-12_13-27-55,1670862475,2047.51086974144,1226,arch,192.168.1.113,2047.51086974144,0,1,0.0056269168853759,6,0.12848531592936574,0.00011817205438429701,7,7,0.8936248043079877,"/home/italo/ray_results/nenn_xgb_tune/training_function_0397c_00096_96_edge_embed_size=6,eta=0.1285,learning_rate=0.0001,max_depth=7,node_embed_size=7,weight=0.8936_2022-12-12_10-32-13"
104,0.3986320257992357,0.7141422677371441,2355.8920872211456,True,False,,,1,0397c_00095,664ed1feaebf42d29d9e226cbdea71dd,2022-12-12_13-15-29,1670861729,2355.8920872211456,1261,arch,192.168.1.113,2355.8920872211456,0,1,0.0040972232818603,7,0.05162314470625814,0.00010506732274796738,8,9,0.8591257352653546,"/home/italo/ray_results/nenn_xgb_tune/training_function_0397c_00095_95_edge_embed_size=7,eta=0.0516,learning_rate=0.0001,max_depth=8,node_embed_size=9,weight=0.8591_2022-12-12_10-32-12"
105,0.5062029348837364,0.154074074074074,2121.2544901371,True,False,,,1,0397c_00094,6fb53e61cc1f422ab4af2882548b7e84,2022-12-12_12-53-47,1670860427,2121.2544901371,1226,arch,192.168.1.113,2121.2544901371,0,1,0.0056269168853759,9,0.08983054630950443,0.0008317207155418858,7,4,0.8917718720498996,"/home/italo/ray_results/nenn_xgb_tune/training_function_0397c_00094_94_edge_embed_size=9,eta=0.0898,learning_rate=0.0008,max_depth=7,node_embed_size=4,weight=0.8918_2022-12-12_10-32-11"
106,0.4087756113426105,0.6924782508367283,2786.4431986808777,True,False,,,1,0397c_00093,664ed1feaebf42d29d9e226cbdea71dd,2022-12-12_12-36-13,1670859373,2786.4431986808777,1261,arch,192.168.1.113,2786.4431986808777,0,1,0.0040972232818603,15,0.028214080805699645,6.543812464964884e-05,3,11,0.8918458646589601,"/home/italo/ray_results/nenn_xgb_tune/training_function_0397c_00093_93_edge_embed_size=15,eta=0.0282,learning_rate=0.0001,max_depth=3,node_embed_size=11,weight=0.8918_2022-12-12_10-32-10"
107,0.5246631979942322,0.518713961112999,1932.231147289276,True,False,,,1,0397c_00092,6fb53e61cc1f422ab4af2882548b7e84,2022-12-12_12-18-26,1670858306,1932.231147289276,1226,arch,192.168.1.113,1932.231147289276,0,1,0.0056269168853759,7,0.10939157873270577,3.180125384236914e-05,9,4,0.886891662643208,"/home/italo/ray_results/nenn_xgb_tune/training_function_0397c_00092_92_edge_embed_size=7,eta=0.1094,learning_rate=0.0000,max_depth=9,node_embed_size=4,weight=0.8869_2022-12-12_10-32-09"
108,0.4279053628444672,0.4685061499347213,2204.98920917511,True,False,,,1,0397c_00091,664ed1feaebf42d29d9e226cbdea71dd,2022-12-12_11-49-47,1670856587,2204.98920917511,1261,arch,192.168.1.113,2204.98920917511,0,1,0.0040972232818603,11,0.1402994616094061,0.00045608494108193216,5,3,0.8661481326715442,"/home/italo/ray_results/nenn_xgb_tune/training_function_0397c_00091_91_edge_embed_size=11,eta=0.1403,learning_rate=0.0005,max_depth=5,node_embed_size=3,weight=0.8661_2022-12-12_10-32-08"
109,0.4639774616505648,0.7042753793073121,2109.4362511634827,True,False,,,1,0397c_00090,6fb53e61cc1f422ab4af2882548b7e84,2022-12-12_11-46-13,1670856373,2109.4362511634827,1226,arch,192.168.1.113,2109.4362511634827,0,1,0.0056269168853759,11,0.17627306192521372,5.081261465795577e-05,6,3,0.8962459571970982,"/home/italo/ray_results/nenn_xgb_tune/training_function_0397c_00090_90_edge_embed_size=11,eta=0.1763,learning_rate=0.0001,max_depth=6,node_embed_size=3,weight=0.8962_2022-12-12_10-32-07"
110,0.4551104941883602,0.4571632259762055,2428.8283405303955,True,False,,,1,0397c_00089,664ed1feaebf42d29d9e226cbdea71dd,2022-12-12_11-13-02,1670854382,2428.8283405303955,1261,arch,192.168.1.113,2428.8283405303955,0,1,0.0040972232818603,13,0.0661828137701157,0.0001501437027824865,6,5,0.8826368006697833,"/home/italo/ray_results/nenn_xgb_tune/training_function_0397c_00089_89_edge_embed_size=13,eta=0.0662,learning_rate=0.0002,max_depth=6,node_embed_size=5,weight=0.8826_2022-12-11_21-07-46"
111,0.4503592760176271,0.5498397175294419,2316.57923579216,True,False,,,1,0397c_00088,6fb53e61cc1f422ab4af2882548b7e84,2022-12-12_11-11-04,1670854264,2316.57923579216,1226,arch,192.168.1.113,2316.57923579216,0,1,0.0056269168853759,12,0.03192857978244483,4.738009874077586e-05,9,3,0.8025550941849693,"/home/italo/ray_results/nenn_xgb_tune/training_function_0397c_00088_88_edge_embed_size=12,eta=0.0319,learning_rate=0.0000,max_depth=9,node_embed_size=3,weight=0.8026_2022-12-11_21-05-42"
112,0.3799234072098861,0.5920960581776035,2174.721104621887,True,False,,,1,0397c_00087,40a98ce9b00f41b3a0c4a558ac64c2dd,2022-12-11_21-07-46,1670803666,2174.721104621887,1282,arch,192.168.1.113,2174.721104621887,0,1,0.0040051937103271,7,0.10900533259750413,0.0009418144005390928,6,7,0.8379210566941638,"/home/italo/ray_results/nenn_xgb_tune/training_function_0397c_00087_87_edge_embed_size=7,eta=0.1090,learning_rate=0.0009,max_depth=6,node_embed_size=7,weight=0.8379_2022-12-11_20-31-31"
113,0.3968063518002226,0.7401219917483323,2676.691902399063,True,False,,,1,0397c_00086,a0be06c4ab1945b48ad7a1bf3a1714af,2022-12-11_21-05-42,1670803542,2676.691902399063,1248,arch,192.168.1.113,2676.691902399063,0,1,0.0047080516815185,15,0.055760427280767674,7.811461890804571e-05,6,8,0.8884471597697894,"/home/italo/ray_results/nenn_xgb_tune/training_function_0397c_00086_86_edge_embed_size=15,eta=0.0558,learning_rate=0.0001,max_depth=6,node_embed_size=8,weight=0.8884_2022-12-11_20-21-05"
114,0.4295823280875748,0.3071892909663143,2854.113208770752,True,False,,,1,0397c_00085,40a98ce9b00f41b3a0c4a558ac64c2dd,2022-12-11_20-31-31,1670801491,2854.113208770752,1282,arch,192.168.1.113,2854.113208770752,0,1,0.0040051937103271,15,0.19015691487955205,0.0008102929671455625,5,10,0.835662428112276,"/home/italo/ray_results/nenn_xgb_tune/training_function_0397c_00085_85_edge_embed_size=15,eta=0.1902,learning_rate=0.0008,max_depth=5,node_embed_size=10,weight=0.8357_2022-12-11_19-43-57"
115,0.4269803370172912,0.591062255530254,2670.9795179367065,True,False,,,1,0397c_00084,a0be06c4ab1945b48ad7a1bf3a1714af,2022-12-11_20-21-05,1670800865,2670.9795179367065,1248,arch,192.168.1.113,2670.9795179367065,0,1,0.0047080516815185,14,0.17758119359979913,0.00010913309919143648,8,8,0.8706542005873918,"/home/italo/ray_results/nenn_xgb_tune/training_function_0397c_00084_84_edge_embed_size=14,eta=0.1776,learning_rate=0.0001,max_depth=8,node_embed_size=8,weight=0.8707_2022-12-11_19-36-34"
116,0.489217818991558,0.1664746601186993,2232.079766511917,True,False,,,1,0397c_00083,40a98ce9b00f41b3a0c4a558ac64c2dd,2022-12-11_19-43-57,1670798637,2232.079766511917,1282,arch,192.168.1.113,2232.079766511917,0,1,0.0040051937103271,5,0.18312772530170263,1.028717142967176e-05,7,8,0.8067144370736955,"/home/italo/ray_results/nenn_xgb_tune/training_function_0397c_00083_83_edge_embed_size=5,eta=0.1831,learning_rate=0.0000,max_depth=7,node_embed_size=8,weight=0.8067_2022-12-11_19-06-45"
117,0.5232640503226099,0.583763811792009,2331.036686897278,True,False,,,1,0397c_00082,a0be06c4ab1945b48ad7a1bf3a1714af,2022-12-11_19-36-34,1670798194,2331.036686897278,1248,arch,192.168.1.113,2331.036686897278,0,1,0.0047080516815185,12,0.04679629264208844,2.2606364149056334e-05,9,6,0.8948090421902705,"/home/italo/ray_results/nenn_xgb_tune/training_function_0397c_00082_82_edge_embed_size=12,eta=0.0468,learning_rate=0.0000,max_depth=9,node_embed_size=6,weight=0.8948_2022-12-11_18-57-43"
118,0.4195569879299885,0.6915942412322502,2436.7920978069305,True,False,,,1,0397c_00081,40a98ce9b00f41b3a0c4a558ac64c2dd,2022-12-11_19-06-45,1670796405,2436.7920978069305,1282,arch,192.168.1.113,2436.7920978069305,0,1,0.0040051937103271,6,0.1741194334527378,8.487731897124298e-05,9,11,0.87765591849971,"/home/italo/ray_results/nenn_xgb_tune/training_function_0397c_00081_81_edge_embed_size=6,eta=0.1741,learning_rate=0.0001,max_depth=9,node_embed_size=11,weight=0.8777_2022-12-11_18-26-08"
119,0.4296152912281655,0.5752650171377999,1968.5094921588895,True,False,,,1,0397c_00080,a0be06c4ab1945b48ad7a1bf3a1714af,2022-12-11_18-57-43,1670795863,1968.5094921588895,1248,arch,192.168.1.113,1968.5094921588895,0,1,0.0047080516815185,4,0.054685416214467625,0.00020738278128401506,9,6,0.8889520063946146,"/home/italo/ray_results/nenn_xgb_tune/training_function_0397c_00080_80_edge_embed_size=4,eta=0.0547,learning_rate=0.0002,max_depth=9,node_embed_size=6,weight=0.8890_2022-12-11_18-24-54"
120,0.4453347234307109,0.4651565685894744,2668.1705346107483,True,False,,,1,0397c_00078,40a98ce9b00f41b3a0c4a558ac64c2dd,2022-12-11_18-26-08,1670793968,2668.1705346107483,1282,arch,192.168.1.113,2668.1705346107483,0,1,0.0040051937103271,12,0.042509729950392754,5.238253955063672e-05,3,10,0.8201743226264966,"/home/italo/ray_results/nenn_xgb_tune/training_function_0397c_00078_78_edge_embed_size=12,eta=0.0425,learning_rate=0.0001,max_depth=3,node_embed_size=10,weight=0.8202_2022-12-11_17-41-40"
121,0.5289409155781205,0.0039603960396039,2369.2735924720764,True,False,,,1,0397c_00079,a0be06c4ab1945b48ad7a1bf3a1714af,2022-12-11_18-24-54,1670793894,2369.2735924720764,1248,arch,192.168.1.113,2369.2735924720764,0,1,0.0047080516815185,5,0.014303861840006257,1.0430281018731609e-05,4,10,0.8613029694509786,"/home/italo/ray_results/nenn_xgb_tune/training_function_0397c_00079_79_edge_embed_size=5,eta=0.0143,learning_rate=0.0000,max_depth=4,node_embed_size=10,weight=0.8613_2022-12-11_17-45-25"
122,0.4546489076839911,0.3008020924149956,2078.0702221393585,True,False,,,1,0397c_00077,a0be06c4ab1945b48ad7a1bf3a1714af,2022-12-11_17-45-25,1670791525,2078.0702221393585,1248,arch,192.168.1.113,2078.0702221393585,0,1,0.0047080516815185,8,0.013776520512758747,0.00035316365172527827,4,3,0.8596745308978596,"/home/italo/ray_results/nenn_xgb_tune/training_function_0397c_00077_77_edge_embed_size=8,eta=0.0138,learning_rate=0.0004,max_depth=4,node_embed_size=3,weight=0.8597_2022-12-11_17-10-47"
123,0.3945154186036136,0.5973126453516463,2658.6682648658752,True,False,,,1,0397c_00076,40a98ce9b00f41b3a0c4a558ac64c2dd,2022-12-11_17-41-40,1670791300,2658.6682648658752,1282,arch,192.168.1.113,2658.6682648658752,0,1,0.0040051937103271,8,0.014163513195061494,0.0002656209760728963,5,11,0.8297018357107688,"/home/italo/ray_results/nenn_xgb_tune/training_function_0397c_00076_76_edge_embed_size=8,eta=0.0142,learning_rate=0.0003,max_depth=5,node_embed_size=11,weight=0.8297_2022-12-11_16-57-21"
124,0.3914614622657363,0.7306356964310114,2632.383574485779,True,False,,,1,0397c_00075,a0be06c4ab1945b48ad7a1bf3a1714af,2022-12-11_17-10-47,1670789447,2632.383574485779,1248,arch,192.168.1.113,2632.383574485779,0,1,0.0047080516815185,10,0.126299573974497,0.0001026895676188772,8,10,0.8853975292639489,"/home/italo/ray_results/nenn_xgb_tune/training_function_0397c_00075_75_edge_embed_size=10,eta=0.1263,learning_rate=0.0001,max_depth=8,node_embed_size=10,weight=0.8854_2022-12-11_16-26-55"
125,0.3931416261840511,0.7293840393227463,2228.074038028717,True,False,,,1,0397c_00074,40a98ce9b00f41b3a0c4a558ac64c2dd,2022-12-11_16-57-21,1670788641,2228.074038028717,1282,arch,192.168.1.113,2228.074038028717,0,1,0.0040051937103271,9,0.05800166621698929,0.00010066480576535266,6,7,0.8683025994409472,"/home/italo/ray_results/nenn_xgb_tune/training_function_0397c_00074_74_edge_embed_size=9,eta=0.0580,learning_rate=0.0001,max_depth=6,node_embed_size=7,weight=0.8683_2022-12-11_16-20-13"
126,0.3691909888306179,0.7456455498552589,2803.1663057804108,True,False,,,1,0397c_00072,a0be06c4ab1945b48ad7a1bf3a1714af,2022-12-11_16-26-55,1670786815,2803.1663057804108,1248,arch,192.168.1.113,2803.1663057804108,0,1,0.0047080516815185,12,0.035229876417510915,0.00013469615999846222,5,11,0.854966247787871,"/home/italo/ray_results/nenn_xgb_tune/training_function_0397c_00072_72_edge_embed_size=12,eta=0.0352,learning_rate=0.0001,max_depth=5,node_embed_size=11,weight=0.8550_2022-12-11_15-40-11"
127,0.3653743138989886,0.7476302310241468,2360.394379377365,True,False,,,1,0397c_00073,40a98ce9b00f41b3a0c4a558ac64c2dd,2022-12-11_16-20-13,1670786413,2360.394379377365,1282,arch,192.168.1.113,2360.394379377365,0,1,0.0040051937103271,15,0.022240794051158804,0.0002515884228566237,7,4,0.8619270966350664,"/home/italo/ray_results/nenn_xgb_tune/training_function_0397c_00073_73_edge_embed_size=15,eta=0.0222,learning_rate=0.0003,max_depth=7,node_embed_size=4,weight=0.8619_2022-12-11_15-40-53"
128,0.5374841586158081,0.3789346945310021,2389.481761455536,True,False,,,1,0397c_00071,40a98ce9b00f41b3a0c4a558ac64c2dd,2022-12-11_15-40-52,1670784052,2389.481761455536,1282,arch,192.168.1.113,2389.481761455536,0,1,0.0040051937103271,14,0.0962931971327689,1.1272007378387072e-05,6,6,0.8866180244349566,"/home/italo/ray_results/nenn_xgb_tune/training_function_0397c_00071_71_edge_embed_size=14,eta=0.0963,learning_rate=0.0000,max_depth=6,node_embed_size=6,weight=0.8866_2022-12-11_09-58-22"
129,0.4886550628655665,0.6388513097544866,2395.663248062134,True,False,,,1,0397c_00070,a0be06c4ab1945b48ad7a1bf3a1714af,2022-12-11_15-40-11,1670784011,2395.663248062134,1248,arch,192.168.1.113,2395.663248062134,0,1,0.0047080516815185,14,0.12132988071498503,2.4532223885798303e-05,7,6,0.8569140532055636,"/home/italo/ray_results/nenn_xgb_tune/training_function_0397c_00070_70_edge_embed_size=14,eta=0.1213,learning_rate=0.0000,max_depth=7,node_embed_size=6,weight=0.8569_2022-12-11_09-58-21"
130,0.4836077679653424,0.0,2200.701052904129,True,False,,,1,0397c_00069,40a98ce9b00f41b3a0c4a558ac64c2dd,2022-12-11_15-01-03,1670781663,2200.701052904129,1282,arch,192.168.1.113,2200.701052904129,0,1,0.0040051937103271,10,0.013394082522129,0.0007291243851630421,7,5,0.841890730967097,"/home/italo/ray_results/nenn_xgb_tune/training_function_0397c_00069_69_edge_embed_size=10,eta=0.0134,learning_rate=0.0007,max_depth=7,node_embed_size=5,weight=0.8419_2022-12-11_09-58-21"
131,0.4683156872117841,0.5976541460472224,2232.059444665909,True,False,,,1,0397c_00068,a0be06c4ab1945b48ad7a1bf3a1714af,2022-12-11_15-00-16,1670781616,2232.059444665909,1248,arch,192.168.1.113,2232.059444665909,0,1,0.0047080516815185,10,0.07963755785084875,4.627491769568528e-05,4,6,0.8782633020299174,"/home/italo/ray_results/nenn_xgb_tune/training_function_0397c_00068_68_edge_embed_size=10,eta=0.0796,learning_rate=0.0000,max_depth=4,node_embed_size=6,weight=0.8783_2022-12-11_09-58-20"
132,0.496977730538394,0.5133930977269989,2713.026731014252,True,False,,,1,0397c_00066,40a98ce9b00f41b3a0c4a558ac64c2dd,2022-12-11_14-24-22,1670779462,2713.026731014252,1282,arch,192.168.1.113,2713.026731014252,0,1,0.0040051937103271,13,0.08197224741177833,1.4674752188594328e-05,6,10,0.8570274209750719,"/home/italo/ray_results/nenn_xgb_tune/training_function_0397c_00066_66_edge_embed_size=13,eta=0.0820,learning_rate=0.0000,max_depth=6,node_embed_size=10,weight=0.8570_2022-12-11_09-58-18"
133,0.5199747990917515,0.4413828478379985,2178.335749387741,True,False,,,1,0397c_00067,a0be06c4ab1945b48ad7a1bf3a1714af,2022-12-11_14-23-04,1670779384,2178.335749387741,1248,arch,192.168.1.113,2178.335749387741,0,1,0.0047080516815185,12,0.03582662763802129,2.7504025506696584e-05,3,3,0.8964780652663267,"/home/italo/ray_results/nenn_xgb_tune/training_function_0397c_00067_67_edge_embed_size=12,eta=0.0358,learning_rate=0.0000,max_depth=3,node_embed_size=3,weight=0.8965_2022-12-11_09-58-19"
134,0.3959127339156898,0.5804474220609247,2019.717410326004,True,False,,,1,0397c_00065,a0be06c4ab1945b48ad7a1bf3a1714af,2022-12-11_13-46-45,1670777205,2019.717410326004,1248,arch,192.168.1.113,2019.717410326004,0,1,0.0047080516815185,4,0.012249703387807596,0.0008637543507294635,9,6,0.8841997685158691,"/home/italo/ray_results/nenn_xgb_tune/training_function_0397c_00065_65_edge_embed_size=4,eta=0.0122,learning_rate=0.0009,max_depth=9,node_embed_size=6,weight=0.8842_2022-12-11_09-58-16"
135,0.3888823008215105,0.717722156465298,2176.21475982666,True,False,,,1,0397c_00064,40a98ce9b00f41b3a0c4a558ac64c2dd,2022-12-11_13-39-09,1670776749,2176.21475982666,1282,arch,192.168.1.113,2176.21475982666,0,1,0.0040051937103271,9,0.016386911005651105,0.00011192370078965017,6,6,0.8736600538460516,"/home/italo/ray_results/nenn_xgb_tune/training_function_0397c_00064_64_edge_embed_size=9,eta=0.0164,learning_rate=0.0001,max_depth=6,node_embed_size=6,weight=0.8737_2022-12-11_09-58-16"
136,0.5165933998855384,0.2561605512840423,1909.7955451011655,True,False,,,1,0397c_00063,a0be06c4ab1945b48ad7a1bf3a1714af,2022-12-11_13-13-05,1670775185,1909.7955451011655,1248,arch,192.168.1.113,1909.7955451011655,0,1,0.0047080516815185,6,0.01584139940395079,1.6917850686133753e-05,7,4,0.86771397422878,"/home/italo/ray_results/nenn_xgb_tune/training_function_0397c_00063_63_edge_embed_size=6,eta=0.0158,learning_rate=0.0000,max_depth=7,node_embed_size=4,weight=0.8677_2022-12-11_09-58-14"
137,0.51610626046722,0.2582813505668144,1880.8985018730164,True,False,,,1,0397c_00062,40a98ce9b00f41b3a0c4a558ac64c2dd,2022-12-11_13-02-53,1670774573,1880.8985018730164,1282,arch,192.168.1.113,1880.8985018730164,0,1,0.0040051937103271,6,0.04509519177706258,2.791219567770991e-05,5,4,0.8777587908305534,"/home/italo/ray_results/nenn_xgb_tune/training_function_0397c_00062_62_edge_embed_size=6,eta=0.0451,learning_rate=0.0000,max_depth=5,node_embed_size=4,weight=0.8778_2022-12-11_09-58-13"
138,0.4719230415853294,0.4461081779744994,2604.3265602588654,True,False,,,1,0397c_00061,a0be06c4ab1945b48ad7a1bf3a1714af,2022-12-11_12-41-16,1670773276,2604.3265602588654,1248,arch,192.168.1.113,2604.3265602588654,0,1,0.0047080516815185,9,0.0174364396487685,3.3829627461380574e-05,8,10,0.8323683202582816,"/home/italo/ray_results/nenn_xgb_tune/training_function_0397c_00061_61_edge_embed_size=9,eta=0.0174,learning_rate=0.0000,max_depth=8,node_embed_size=10,weight=0.8324_2022-12-11_09-58-12"
139,0.4245854575086284,0.451763721842462,2293.4041986465454,True,False,,,1,0397c_00060,40a98ce9b00f41b3a0c4a558ac64c2dd,2022-12-11_12-31-32,1670772692,2293.4041986465454,1282,arch,192.168.1.113,2293.4041986465454,0,1,0.0040051937103271,10,0.13676181489429864,0.00018842791583106007,7,7,0.8435520823657623,"/home/italo/ray_results/nenn_xgb_tune/training_function_0397c_00060_60_edge_embed_size=10,eta=0.1368,learning_rate=0.0002,max_depth=7,node_embed_size=7,weight=0.8436_2022-12-11_09-58-11"
140,0.4606880945933831,0.5228466719995416,2243.9660427570343,True,False,,,1,0397c_00059,a0be06c4ab1945b48ad7a1bf3a1714af,2022-12-11_11-57-51,1670770671,2243.9660427570343,1248,arch,192.168.1.113,2243.9660427570343,0,1,0.0047080516815185,5,0.023870081624960873,5.763908429048872e-05,6,8,0.8432389095444848,"/home/italo/ray_results/nenn_xgb_tune/training_function_0397c_00059_59_edge_embed_size=5,eta=0.0239,learning_rate=0.0001,max_depth=6,node_embed_size=8,weight=0.8432_2022-12-11_09-58-10"
141,0.4520389919345443,0.4586180831539893,2435.524802207947,True,False,,,1,0397c_00058,40a98ce9b00f41b3a0c4a558ac64c2dd,2022-12-11_11-53-19,1670770399,2435.524802207947,1282,arch,192.168.1.113,2435.524802207947,0,1,0.0040051937103271,14,0.07407022037602215,0.00016206845166305813,6,7,0.8043501186059716,"/home/italo/ray_results/nenn_xgb_tune/training_function_0397c_00058_58_edge_embed_size=14,eta=0.0741,learning_rate=0.0002,max_depth=6,node_embed_size=7,weight=0.8044_2022-12-11_09-58-09"
142,0.4487068306755375,0.4506254487253444,2644.4620130062103,True,False,,,1,0397c_00057,a0be06c4ab1945b48ad7a1bf3a1714af,2022-12-11_11-20-27,1670768427,2644.4620130062103,1248,arch,192.168.1.113,2644.4620130062103,0,1,0.0047080516815185,11,0.15303477846027888,0.00016551167718114435,7,9,0.8935035730579011,"/home/italo/ray_results/nenn_xgb_tune/training_function_0397c_00057_57_edge_embed_size=11,eta=0.1530,learning_rate=0.0002,max_depth=7,node_embed_size=9,weight=0.8935_2022-12-11_09-58-08"
143,0.4722629907968881,0.1984616820220595,2249.316657304764,True,False,,,1,0397c_00056,40a98ce9b00f41b3a0c4a558ac64c2dd,2022-12-11_11-12-43,1670767963,2249.316657304764,1282,arch,192.168.1.113,2249.316657304764,0,1,0.0040051937103271,9,0.0513093800752832,2.368296683661109e-05,4,7,0.8286269247764704,"/home/italo/ray_results/nenn_xgb_tune/training_function_0397c_00056_56_edge_embed_size=9,eta=0.0513,learning_rate=0.0000,max_depth=4,node_embed_size=7,weight=0.8286_2022-12-11_09-58-07"
144,0.5510916422347766,0.3188059983250503,2274.078109264374,True,False,,,1,0397c_00054,a0be06c4ab1945b48ad7a1bf3a1714af,2022-12-11_10-36-23,1670765783,2274.078109264374,1248,arch,192.168.1.113,2274.078109264374,0,1,0.0047080516815185,9,0.011576541847375294,1.0543397940141055e-05,8,5,0.8845113115574702,"/home/italo/ray_results/nenn_xgb_tune/training_function_0397c_00054_54_edge_embed_size=9,eta=0.0116,learning_rate=0.0000,max_depth=8,node_embed_size=5,weight=0.8845_2022-12-10_23-24-23"
145,0.427600856246175,0.3047061645478532,2199.486473083496,True,False,,,1,0397c_00055,40a98ce9b00f41b3a0c4a558ac64c2dd,2022-12-11_10-35-14,1670765714,2199.486473083496,1282,arch,192.168.1.113,2199.486473083496,0,1,0.0040051937103271,9,0.12255599285553792,0.0003642671896817953,8,3,0.8161695429395636,"/home/italo/ray_results/nenn_xgb_tune/training_function_0397c_00055_55_edge_embed_size=9,eta=0.1226,learning_rate=0.0004,max_depth=8,node_embed_size=3,weight=0.8162_2022-12-10_23-32-23"
146,0.3631913134375134,0.7614268141893478,2793.872363805771,True,False,,,1,0397c_00052,0b987d6d522b4b5c96b2cfe6e53bb7a9,2022-12-10_23-32-23,1670725943,2793.872363805771,1209,arch,192.168.1.113,2793.872363805771,0,1,0.0036487579345703,10,0.017525298040382678,0.00025683569959153115,4,11,0.8629359722829583,"/home/italo/ray_results/nenn_xgb_tune/training_function_0397c_00052_52_edge_embed_size=10,eta=0.0175,learning_rate=0.0003,max_depth=4,node_embed_size=11,weight=0.8629_2022-12-10_22-45-49"
147,0.4237030781604148,0.6846051030550516,2047.7294681072235,True,False,,,1,0397c_00053,976383d86b5947c08b976715885635fe,2022-12-10_23-24-23,1670725463,2047.7294681072235,1242,arch,192.168.1.113,2047.7294681072235,0,1,0.0040030479431152,7,0.022712831557102336,8.716811429944997e-05,8,6,0.8784791918210122,"/home/italo/ray_results/nenn_xgb_tune/training_function_0397c_00053_53_edge_embed_size=7,eta=0.0227,learning_rate=0.0001,max_depth=8,node_embed_size=6,weight=0.8785_2022-12-10_22-50-15"
148,0.4032136641644143,0.7085514702115223,2058.055750846863,True,False,,,1,0397c_00051,976383d86b5947c08b976715885635fe,2022-12-10_22-50-15,1670723415,2058.055750846863,1242,arch,192.168.1.113,2058.055750846863,0,1,0.0040030479431152,6,0.12848531592936574,0.00011817205438429701,7,7,0.8936248043079877,"/home/italo/ray_results/nenn_xgb_tune/training_function_0397c_00051_51_edge_embed_size=6,eta=0.1285,learning_rate=0.0001,max_depth=7,node_embed_size=7,weight=0.8936_2022-12-10_22-15-57"
149,0.397363154308216,0.6960661471421616,2369.804748058319,True,False,,,1,0397c_00050,0b987d6d522b4b5c96b2cfe6e53bb7a9,2022-12-10_22-45-49,1670723149,2369.804748058319,1209,arch,192.168.1.113,2369.804748058319,0,1,0.0036487579345703,7,0.05162314470625814,0.00010506732274796738,8,9,0.8591257352653546,"/home/italo/ray_results/nenn_xgb_tune/training_function_0397c_00050_50_edge_embed_size=7,eta=0.0516,learning_rate=0.0001,max_depth=8,node_embed_size=9,weight=0.8591_2022-12-10_22-06-19"
150,0.507829393406172,0.1499999999999999,2135.6613821983337,True,False,,,1,0397c_00049,976383d86b5947c08b976715885635fe,2022-12-10_22-15-57,1670721357,2135.6613821983337,1242,arch,192.168.1.113,2135.6613821983337,0,1,0.0040030479431152,9,0.08983054630950443,0.0008317207155418858,7,4,0.8917718720498996,"/home/italo/ray_results/nenn_xgb_tune/training_function_0397c_00049_49_edge_embed_size=9,eta=0.0898,learning_rate=0.0008,max_depth=7,node_embed_size=4,weight=0.8918_2022-12-10_21-40-21"
151,0.4047562462252539,0.7006772321448688,2785.3342654705048,True,False,,,1,0397c_00048,0b987d6d522b4b5c96b2cfe6e53bb7a9,2022-12-10_22-06-19,1670720779,2785.3342654705048,1209,arch,192.168.1.113,2785.3342654705048,0,1,0.0036487579345703,15,0.028214080805699645,6.543812464964884e-05,3,11,0.8918458646589601,"/home/italo/ray_results/nenn_xgb_tune/training_function_0397c_00048_48_edge_embed_size=15,eta=0.0282,learning_rate=0.0001,max_depth=3,node_embed_size=11,weight=0.8918_2022-12-10_21-19-54"
152,0.5197579137376838,0.5404616436108516,1930.4811780452728,True,False,,,1,0397c_00047,976383d86b5947c08b976715885635fe,2022-12-10_21-40-21,1670719221,1930.4811780452728,1242,arch,192.168.1.113,1930.4811780452728,0,1,0.0040030479431152,7,0.10939157873270577,3.180125384236914e-05,9,4,0.886891662643208,"/home/italo/ray_results/nenn_xgb_tune/training_function_0397c_00047_47_edge_embed_size=7,eta=0.1094,learning_rate=0.0000,max_depth=9,node_embed_size=4,weight=0.8869_2022-12-10_21-08-10"
153,0.4919054481628778,0.1564304461942257,2163.5140750408173,True,False,,,1,0397c_00046,0b987d6d522b4b5c96b2cfe6e53bb7a9,2022-12-10_21-19-54,1670717994,2163.5140750408173,1209,arch,192.168.1.113,2163.5140750408173,0,1,0.0036487579345703,11,0.1402994616094061,0.00045608494108193216,5,3,0.8661481326715442,"/home/italo/ray_results/nenn_xgb_tune/training_function_0397c_00046_46_edge_embed_size=11,eta=0.1403,learning_rate=0.0005,max_depth=5,node_embed_size=3,weight=0.8661_2022-12-10_20-43-50"
154,0.4615179024032644,0.7134311222060921,2104.04610657692,True,False,,,1,0397c_00045,976383d86b5947c08b976715885635fe,2022-12-10_21-08-10,1670717290,2104.04610657692,1242,arch,192.168.1.113,2104.04610657692,0,1,0.0040030479431152,11,0.17627306192521372,5.081261465795577e-05,6,3,0.8962459571970982,"/home/italo/ray_results/nenn_xgb_tune/training_function_0397c_00045_45_edge_embed_size=11,eta=0.1763,learning_rate=0.0001,max_depth=6,node_embed_size=3,weight=0.8962_2022-12-10_20-33-06"
155,0.4508349182637962,0.4538508949710909,2265.1367633342743,True,False,,,1,0397c_00044,0b987d6d522b4b5c96b2cfe6e53bb7a9,2022-12-10_20-43-50,1670715830,2265.1367633342743,1209,arch,192.168.1.113,2265.1367633342743,0,1,0.0036487579345703,13,0.0661828137701157,0.0001501437027824865,6,5,0.8826368006697833,"/home/italo/ray_results/nenn_xgb_tune/training_function_0397c_00044_44_edge_embed_size=13,eta=0.0662,learning_rate=0.0002,max_depth=6,node_embed_size=5,weight=0.8826_2022-12-10_20-06-05"
156,0.4482701088125641,0.6384469633644657,2148.9866733551025,True,False,,,1,0397c_00043,976383d86b5947c08b976715885635fe,2022-12-10_20-33-06,1670715186,2148.9866733551025,1242,arch,192.168.1.113,2148.9866733551025,0,1,0.0040030479431152,12,0.03192857978244483,4.738009874077586e-05,9,3,0.8025550941849693,"/home/italo/ray_results/nenn_xgb_tune/training_function_0397c_00043_43_edge_embed_size=12,eta=0.0319,learning_rate=0.0000,max_depth=9,node_embed_size=3,weight=0.8026_2022-12-10_19-57-17"
157,0.4558745126466493,0.1466666666666666,2126.9221930503845,True,False,,,1,0397c_00042,0b987d6d522b4b5c96b2cfe6e53bb7a9,2022-12-10_20-06-05,1670713565,2126.9221930503845,1209,arch,192.168.1.113,2126.9221930503845,0,1,0.0036487579345703,7,0.10900533259750413,0.0009418144005390928,6,7,0.8379210566941638,"/home/italo/ray_results/nenn_xgb_tune/training_function_0397c_00042_42_edge_embed_size=7,eta=0.1090,learning_rate=0.0009,max_depth=6,node_embed_size=7,weight=0.8379_2022-12-10_19-30-38"
158,0.3984473168849946,0.7327776588976926,2636.5446825027466,True,False,,,1,0397c_00041,976383d86b5947c08b976715885635fe,2022-12-10_19-57-17,1670713037,2636.5446825027466,1242,arch,192.168.1.113,2636.5446825027466,0,1,0.0040030479431152,15,0.055760427280767674,7.811461890804571e-05,6,8,0.8884471597697894,"/home/italo/ray_results/nenn_xgb_tune/training_function_0397c_00041_41_edge_embed_size=15,eta=0.0558,learning_rate=0.0001,max_depth=6,node_embed_size=8,weight=0.8884_2022-12-10_19-13-21"
159,0.4289146951726965,0.30127745064996,2830.5634059906006,True,False,,,1,0397c_00040,0b987d6d522b4b5c96b2cfe6e53bb7a9,2022-12-10_19-30-38,1670711438,2830.5634059906006,1209,arch,192.168.1.113,2830.5634059906006,0,1,0.0036487579345703,15,0.19015691487955205,0.0008102929671455625,5,10,0.835662428112276,"/home/italo/ray_results/nenn_xgb_tune/training_function_0397c_00040_40_edge_embed_size=15,eta=0.1902,learning_rate=0.0008,max_depth=5,node_embed_size=10,weight=0.8357_2022-12-10_18-43-28"
160,0.4194400906562805,0.6004430801312257,2627.290343523025,True,False,,,1,0397c_00039,976383d86b5947c08b976715885635fe,2022-12-10_19-13-21,1670710401,2627.290343523025,1242,arch,192.168.1.113,2627.290343523025,0,1,0.0040030479431152,14,0.17758119359979913,0.00010913309919143648,8,8,0.8706542005873918,"/home/italo/ray_results/nenn_xgb_tune/training_function_0397c_00039_39_edge_embed_size=14,eta=0.1776,learning_rate=0.0001,max_depth=8,node_embed_size=8,weight=0.8707_2022-12-10_18-29-33"
161,0.4811262416678506,0.1915312429683121,2233.6459169387817,True,False,,,1,0397c_00038,0b987d6d522b4b5c96b2cfe6e53bb7a9,2022-12-10_18-43-28,1670708608,2233.6459169387817,1209,arch,192.168.1.113,2233.6459169387817,0,1,0.0036487579345703,5,0.18312772530170263,1.028717142967176e-05,7,8,0.8067144370736955,"/home/italo/ray_results/nenn_xgb_tune/training_function_0397c_00038_38_edge_embed_size=5,eta=0.1831,learning_rate=0.0000,max_depth=7,node_embed_size=8,weight=0.8067_2022-12-10_18-06-14"
162,0.5267281268899505,0.5953257696691074,2287.2287209033966,True,False,,,1,0397c_00037,976383d86b5947c08b976715885635fe,2022-12-10_18-29-33,1670707773,2287.2287209033966,1242,arch,192.168.1.113,2287.2287209033966,0,1,0.0040030479431152,12,0.04679629264208844,2.2606364149056334e-05,9,6,0.8948090421902705,"/home/italo/ray_results/nenn_xgb_tune/training_function_0397c_00037_37_edge_embed_size=12,eta=0.0468,learning_rate=0.0000,max_depth=9,node_embed_size=6,weight=0.8948_2022-12-10_17-51-26"
163,0.4288613720520122,0.6789489450311669,2446.289967060089,True,False,,,1,0397c_00036,0b987d6d522b4b5c96b2cfe6e53bb7a9,2022-12-10_18-06-14,1670706374,2446.289967060089,1209,arch,192.168.1.113,2446.289967060089,0,1,0.0036487579345703,6,0.1741194334527378,8.487731897124298e-05,9,11,0.87765591849971,"/home/italo/ray_results/nenn_xgb_tune/training_function_0397c_00036_36_edge_embed_size=6,eta=0.1741,learning_rate=0.0001,max_depth=9,node_embed_size=11,weight=0.8777_2022-12-10_17-25-28"
164,0.3773034849682369,0.7263784774878329,1939.1478106975555,True,False,,,1,0397c_00035,976383d86b5947c08b976715885635fe,2022-12-10_17-51-26,1670705486,1939.1478106975555,1242,arch,192.168.1.113,1939.1478106975555,0,1,0.0040030479431152,4,0.054685416214467625,0.00020738278128401506,9,6,0.8889520063946146,"/home/italo/ray_results/nenn_xgb_tune/training_function_0397c_00035_35_edge_embed_size=4,eta=0.0547,learning_rate=0.0002,max_depth=9,node_embed_size=6,weight=0.8890_2022-12-10_17-19-07"
165,0.5445058446478199,0.0098331870061457,2344.026258468628,True,False,,,1,0397c_00034,0b987d6d522b4b5c96b2cfe6e53bb7a9,2022-12-10_17-25-28,1670703928,2344.026258468628,1209,arch,192.168.1.113,2344.026258468628,0,1,0.0036487579345703,5,0.014303861840006257,1.0430281018731609e-05,4,10,0.8613029694509786,"/home/italo/ray_results/nenn_xgb_tune/training_function_0397c_00034_34_edge_embed_size=5,eta=0.0143,learning_rate=0.0000,max_depth=4,node_embed_size=10,weight=0.8613_2022-12-10_16-46-24"
166,0.4336993778879578,0.4885956818678009,2623.578308582306,True,False,,,1,0397c_00033,976383d86b5947c08b976715885635fe,2022-12-10_17-19-07,1670703547,2623.578308582306,1242,arch,192.168.1.113,2623.578308582306,0,1,0.0040030479431152,12,0.042509729950392754,5.238253955063672e-05,3,10,0.8201743226264966,"/home/italo/ray_results/nenn_xgb_tune/training_function_0397c_00033_33_edge_embed_size=12,eta=0.0425,learning_rate=0.0001,max_depth=3,node_embed_size=10,weight=0.8202_2022-12-10_16-35-23"
167,0.3897671035818151,0.5912601002347825,2060.6521785259247,True,False,,,1,0397c_00032,0b987d6d522b4b5c96b2cfe6e53bb7a9,2022-12-10_16-46-24,1670701584,2060.6521785259247,1209,arch,192.168.1.113,2060.6521785259247,0,1,0.0036487579345703,8,0.013776520512758747,0.00035316365172527827,4,3,0.8596745308978596,"/home/italo/ray_results/nenn_xgb_tune/training_function_0397c_00032_32_edge_embed_size=8,eta=0.0138,learning_rate=0.0004,max_depth=4,node_embed_size=3,weight=0.8597_2022-12-10_16-12-03"
168,0.3943970320998011,0.5906321339070297,2640.3777792453766,True,False,,,1,0397c_00031,976383d86b5947c08b976715885635fe,2022-12-10_16-35-23,1670700923,2640.3777792453766,1242,arch,192.168.1.113,2640.3777792453766,0,1,0.0040030479431152,8,0.014163513195061494,0.0002656209760728963,5,11,0.8297018357107688,"/home/italo/ray_results/nenn_xgb_tune/training_function_0397c_00031_31_edge_embed_size=8,eta=0.0142,learning_rate=0.0003,max_depth=5,node_embed_size=11,weight=0.8297_2022-12-10_15-51-23"
169,0.3908648429690181,0.7335254224587835,2602.257101774216,True,False,,,1,0397c_00030,0b987d6d522b4b5c96b2cfe6e53bb7a9,2022-12-10_16-12-03,1670699523,2602.257101774216,1209,arch,192.168.1.113,2602.257101774216,0,1,0.0036487579345703,10,0.126299573974497,0.0001026895676188772,8,10,0.8853975292639489,"/home/italo/ray_results/nenn_xgb_tune/training_function_0397c_00030_30_edge_embed_size=10,eta=0.1263,learning_rate=0.0001,max_depth=8,node_embed_size=10,weight=0.8854_2022-12-10_15-28-41"
170,0.3951692514322899,0.7339282002032961,2211.501723766327,True,False,,,1,0397c_00029,976383d86b5947c08b976715885635fe,2022-12-10_15-51-23,1670698283,2211.501723766327,1242,arch,192.168.1.113,2211.501723766327,0,1,0.0040030479431152,9,0.05800166621698929,0.00010066480576535266,6,7,0.8683025994409472,"/home/italo/ray_results/nenn_xgb_tune/training_function_0397c_00029_29_edge_embed_size=9,eta=0.0580,learning_rate=0.0001,max_depth=6,node_embed_size=7,weight=0.8683_2022-12-10_15-14-31"
171,0.5302607294675465,0.0,2311.3407464027405,True,False,,,1,0397c_00028,0b987d6d522b4b5c96b2cfe6e53bb7a9,2022-12-10_15-28-41,1670696921,2311.3407464027405,1209,arch,192.168.1.113,2311.3407464027405,0,1,0.0036487579345703,15,0.022240794051158804,0.0002515884228566237,7,4,0.8619270966350664,"/home/italo/ray_results/nenn_xgb_tune/training_function_0397c_00028_28_edge_embed_size=15,eta=0.0222,learning_rate=0.0003,max_depth=7,node_embed_size=4,weight=0.8619_2022-12-10_14-50-09"
172,0.4376130969943227,0.4413333203184458,2752.105458498001,True,False,,,1,0397c_00027,976383d86b5947c08b976715885635fe,2022-12-10_15-14-31,1670696071,2752.105458498001,1242,arch,192.168.1.113,2752.105458498001,0,1,0.0040030479431152,12,0.035229876417510915,0.00013469615999846222,5,11,0.854966247787871,"/home/italo/ray_results/nenn_xgb_tune/training_function_0397c_00027_27_edge_embed_size=12,eta=0.0352,learning_rate=0.0001,max_depth=5,node_embed_size=11,weight=0.8550_2022-12-10_14-28-39"
173,0.422880322224385,0.4651902047370534,2055.3585166931152,True,False,,,1,0397c_00026,0b987d6d522b4b5c96b2cfe6e53bb7a9,2022-12-10_14-50-09,1670694609,2055.3585166931152,1209,arch,192.168.1.113,2055.3585166931152,0,1,0.0036487579345703,8,0.013776520512758747,0.00035316365172527827,4,3,0.8596745308978596,"/home/italo/ray_results/nenn_xgb_tune/training_function_0397c_00026_26_edge_embed_size=8,eta=0.0138,learning_rate=0.0004,max_depth=4,node_embed_size=3,weight=0.8597_2022-12-10_08-38-48"
174,0.3600582553728206,0.7469658068706917,2660.2643382549286,True,False,,,1,0397c_00025,976383d86b5947c08b976715885635fe,2022-12-10_14-28-39,1670693319,2660.2643382549286,1242,arch,192.168.1.113,2660.2643382549286,0,1,0.0040030479431152,8,0.014163513195061494,0.0002656209760728963,5,11,0.8297018357107688,"/home/italo/ray_results/nenn_xgb_tune/training_function_0397c_00025_25_edge_embed_size=8,eta=0.0142,learning_rate=0.0003,max_depth=5,node_embed_size=11,weight=0.8297_2022-12-10_08-38-47"
175,0.3903532868301546,0.7381395079656192,2598.2440750598907,True,False,,,1,0397c_00024,0b987d6d522b4b5c96b2cfe6e53bb7a9,2022-12-10_14-15-54,1670692554,2598.2440750598907,1209,arch,192.168.1.113,2598.2440750598907,0,1,0.0036487579345703,10,0.126299573974497,0.0001026895676188772,8,10,0.8853975292639489,"/home/italo/ray_results/nenn_xgb_tune/training_function_0397c_00024_24_edge_embed_size=10,eta=0.1263,learning_rate=0.0001,max_depth=8,node_embed_size=10,weight=0.8854_2022-12-10_08-38-46"
176,0.3905689030885696,0.7381134502824551,2208.396684885025,True,False,,,1,0397c_00023,976383d86b5947c08b976715885635fe,2022-12-10_13-44-19,1670690659,2208.396684885025,1242,arch,192.168.1.113,2208.396684885025,0,1,0.0040030479431152,9,0.05800166621698929,0.00010066480576535266,6,7,0.8683025994409472,"/home/italo/ray_results/nenn_xgb_tune/training_function_0397c_00023_23_edge_embed_size=9,eta=0.0580,learning_rate=0.0001,max_depth=6,node_embed_size=7,weight=0.8683_2022-12-10_08-38-45"
177,0.3901612836766887,0.6133770405519283,2362.734888076782,True,False,,,1,0397c_00022,0b987d6d522b4b5c96b2cfe6e53bb7a9,2022-12-10_13-32-36,1670689956,2362.734888076782,1209,arch,192.168.1.113,2362.734888076782,0,1,0.0036487579345703,15,0.022240794051158804,0.0002515884228566237,7,4,0.8619270966350664,"/home/italo/ray_results/nenn_xgb_tune/training_function_0397c_00022_22_edge_embed_size=15,eta=0.0222,learning_rate=0.0003,max_depth=7,node_embed_size=4,weight=0.8619_2022-12-10_08-38-44"
178,0.4074374067622262,0.5943614342012392,2753.9310488700867,True,False,,,1,0397c_00021,976383d86b5947c08b976715885635fe,2022-12-10_13-07-31,1670688451,2753.9310488700867,1242,arch,192.168.1.113,2753.9310488700867,0,1,0.0040030479431152,12,0.035229876417510915,0.00013469615999846222,5,11,0.854966247787871,"/home/italo/ray_results/nenn_xgb_tune/training_function_0397c_00021_21_edge_embed_size=12,eta=0.0352,learning_rate=0.0001,max_depth=5,node_embed_size=11,weight=0.8550_2022-12-10_08-38-43"
179,0.3880333875482147,0.7422750983763406,2612.156271457672,True,False,,,1,0397c_00003,0b987d6d522b4b5c96b2cfe6e53bb7a9,2022-12-10_12-53-13,1670687593,2612.156271457672,1209,arch,192.168.1.113,2612.156271457672,0,1,0.0036487579345703,10,0.126299573974497,0.0001026895676188772,8,10,0.8853975292639489,"/home/italo/ray_results/nenn_xgb_tune/training_function_0397c_00003_3_edge_embed_size=10,eta=0.1263,learning_rate=0.0001,max_depth=8,node_embed_size=10,weight=0.8854_2022-12-09_20-46-30"
180,0.5161918778677245,0.4952542061231965,1912.0345532894132,True,False,,,1,0397c_00020,976383d86b5947c08b976715885635fe,2022-12-10_12-21-37,1670685697,1912.0345532894132,1242,arch,192.168.1.113,1912.0345532894132,0,1,0.0040030479431152,7,0.10939157873270577,3.180125384236914e-05,9,4,0.886891662643208,"/home/italo/ray_results/nenn_xgb_tune/training_function_0397c_00020_20_edge_embed_size=7,eta=0.1094,learning_rate=0.0000,max_depth=9,node_embed_size=4,weight=0.8869_2022-12-09_21-18-44"
181,0.5284097365430884,0.5400902961966997,2289.1241352558136,True,False,,,1,0397c_00010,0b987d6d522b4b5c96b2cfe6e53bb7a9,2022-12-10_12-09-41,1670684981,2289.1241352558136,1209,arch,192.168.1.113,2289.1241352558136,0,1,0.0036487579345703,12,0.04679629264208844,2.2606364149056334e-05,9,6,0.8948090421902705,"/home/italo/ray_results/nenn_xgb_tune/training_function_0397c_00010_10_edge_embed_size=12,eta=0.0468,learning_rate=0.0000,max_depth=9,node_embed_size=6,weight=0.8948_2022-12-09_21-18-37"
182,0.4790404266602284,0.1543307086614173,2138.4281301498413,True,False,,,1,0397c_00019,976383d86b5947c08b976715885635fe,2022-12-10_11-49-44,1670683784,2138.4281301498413,1242,arch,192.168.1.113,2138.4281301498413,0,1,0.0040030479431152,11,0.1402994616094061,0.00045608494108193216,5,3,0.8661481326715442,"/home/italo/ray_results/nenn_xgb_tune/training_function_0397c_00019_19_edge_embed_size=11,eta=0.1403,learning_rate=0.0005,max_depth=5,node_embed_size=3,weight=0.8661_2022-12-09_21-18-43"
183,0.4089458569481566,0.4543041691133294,2632.925956249237,True,False,,,1,0397c_00004,0b987d6d522b4b5c96b2cfe6e53bb7a9,2022-12-10_11-31-32,1670682692,2632.925956249237,1209,arch,192.168.1.113,2632.925956249237,0,1,0.0036487579345703,8,0.014163513195061494,0.0002656209760728963,5,11,0.8297018357107688,"/home/italo/ray_results/nenn_xgb_tune/training_function_0397c_00004_4_edge_embed_size=8,eta=0.0142,learning_rate=0.0003,max_depth=5,node_embed_size=11,weight=0.8297_2022-12-09_21-17-10"
184,0.3734383761077314,0.7599526559897946,2269.032121658325,True,False,,,1,0397c_00017,976383d86b5947c08b976715885635fe,2022-12-10_11-14-06,1670681646,2269.032121658325,1242,arch,192.168.1.113,2269.032121658325,0,1,0.0040030479431152,13,0.0661828137701157,0.0001501437027824865,6,5,0.8826368006697833,"/home/italo/ray_results/nenn_xgb_tune/training_function_0397c_00017_17_edge_embed_size=13,eta=0.0662,learning_rate=0.0002,max_depth=6,node_embed_size=5,weight=0.8826_2022-12-09_21-18-40"
185,0.3973853170871735,0.7375559469348226,2623.5242249965668,True,False,,,1,0397c_00014,0b987d6d522b4b5c96b2cfe6e53bb7a9,2022-12-10_10-47-39,1670680059,2623.5242249965668,1209,arch,192.168.1.113,2623.5242249965668,0,1,0.0036487579345703,15,0.055760427280767674,7.811461890804571e-05,6,8,0.8884471597697894,"/home/italo/ray_results/nenn_xgb_tune/training_function_0397c_00014_14_edge_embed_size=15,eta=0.0558,learning_rate=0.0001,max_depth=6,node_embed_size=8,weight=0.8884_2022-12-09_21-18-38"
186,0.4621986840222332,0.6958189647728076,2115.425346136093,True,False,,,1,0397c_00018,976383d86b5947c08b976715885635fe,2022-12-10_10-36-17,1670679377,2115.425346136093,1242,arch,192.168.1.113,2115.425346136093,0,1,0.0040030479431152,11,0.17627306192521372,5.081261465795577e-05,6,3,0.8962459571970982,"/home/italo/ray_results/nenn_xgb_tune/training_function_0397c_00018_18_edge_embed_size=11,eta=0.1763,learning_rate=0.0001,max_depth=6,node_embed_size=3,weight=0.8962_2022-12-09_21-18-42"
187,0.4501146943988027,0.4980808568069542,2166.9286770820618,True,False,,,1,0397c_00016,0b987d6d522b4b5c96b2cfe6e53bb7a9,2022-12-10_10-03-55,1670677435,2166.9286770820618,1209,arch,192.168.1.113,2166.9286770820618,0,1,0.0036487579345703,12,0.03192857978244483,4.738009874077586e-05,9,3,0.8025550941849693,"/home/italo/ray_results/nenn_xgb_tune/training_function_0397c_00016_16_edge_embed_size=12,eta=0.0319,learning_rate=0.0000,max_depth=9,node_embed_size=3,weight=0.8026_2022-12-09_21-18-41"
188,0.4248926706410743,0.5528566069343785,2647.111156463623,True,False,,,1,0397c_00006,976383d86b5947c08b976715885635fe,2022-12-10_10-01-02,1670677262,2647.111156463623,1242,arch,192.168.1.113,2647.111156463623,0,1,0.0040030479431152,12,0.042509729950392754,5.238253955063672e-05,3,10,0.8201743226264966,"/home/italo/ray_results/nenn_xgb_tune/training_function_0397c_00006_6_edge_embed_size=12,eta=0.0425,learning_rate=0.0001,max_depth=3,node_embed_size=10,weight=0.8202_2022-12-09_21-18-39"
189,0.4566136996488313,0.140759493670886,2933.990162372589,True,False,,,1,0397c_00013,0b987d6d522b4b5c96b2cfe6e53bb7a9,2022-12-10_09-27-48,1670675268,2933.990162372589,1209,arch,192.168.1.113,2933.990162372589,0,1,0.0036487579345703,15,0.19015691487955205,0.0008102929671455625,5,10,0.835662428112276,"/home/italo/ray_results/nenn_xgb_tune/training_function_0397c_00013_13_edge_embed_size=15,eta=0.1902,learning_rate=0.0008,max_depth=5,node_embed_size=10,weight=0.8357_2022-12-09_21-18-33"
190,0.3848969294412716,0.6001595251527031,2274.634407043457,True,False,,,1,0397c_00015,976383d86b5947c08b976715885635fe,2022-12-10_09-16-54,1670674614,2274.634407043457,1242,arch,192.168.1.113,2274.634407043457,0,1,0.0040030479431152,7,0.10900533259750413,0.0009418144005390928,6,7,0.8379210566941638,"/home/italo/ray_results/nenn_xgb_tune/training_function_0397c_00015_15_edge_embed_size=7,eta=0.1090,learning_rate=0.0009,max_depth=6,node_embed_size=7,weight=0.8379_2022-12-09_21-18-35"
191,0.4218600794270232,0.682881926695062,2441.765367746353,True,False,,,1,0397c_00009,f3ca05c132674ecda4d32d1f3cebe270,2022-12-09_23-15-25,1670638525,2441.765367746353,6145,arch,192.168.1.113,2441.765367746353,0,1,0.0041000843048095,6,0.1741194334527378,8.487731897124298e-05,9,11,0.87765591849971,"/home/italo/ray_results/nenn_xgb_tune/training_function_0397c_00009_9_edge_embed_size=6,eta=0.1741,learning_rate=0.0001,max_depth=9,node_embed_size=11,weight=0.8777_2022-12-09_21-18-32"
192,0.3795477491778296,0.7443683049336591,2687.475155115128,True,False,,,1,0397c_00012,ead89fe7ea294bcdaadd092e096a6d60,2022-12-09_23-11-41,1670638301,2687.475155115128,6109,arch,192.168.1.113,2687.475155115128,0,1,0.0053353309631347,14,0.17758119359979913,0.00010913309919143648,8,8,0.8706542005873918,"/home/italo/ray_results/nenn_xgb_tune/training_function_0397c_00012_12_edge_embed_size=14,eta=0.1776,learning_rate=0.0001,max_depth=8,node_embed_size=8,weight=0.8707_2022-12-09_21-18-31"
193,0.5014108893839089,0.24602459805606,2206.6321892738342,True,False,,,1,0397c_00011,f3ca05c132674ecda4d32d1f3cebe270,2022-12-09_22-34-43,1670636083,2206.6321892738342,6145,arch,192.168.1.113,2206.6321892738342,0,1,0.0041000843048095,5,0.18312772530170263,1.028717142967176e-05,7,8,0.8067144370736955,"/home/italo/ray_results/nenn_xgb_tune/training_function_0397c_00011_11_edge_embed_size=5,eta=0.1831,learning_rate=0.0000,max_depth=7,node_embed_size=8,weight=0.8067_2022-12-09_21-18-30"
194,0.4206321050991883,0.4509287949188326,2083.746042728424,True,False,,,1,0397c_00005,ead89fe7ea294bcdaadd092e096a6d60,2022-12-09_22-26-54,1670635614,2083.746042728424,6109,arch,192.168.1.113,2083.746042728424,0,1,0.0053353309631347,8,0.013776520512758747,0.00035316365172527827,4,3,0.8596745308978596,"/home/italo/ray_results/nenn_xgb_tune/training_function_0397c_00005_5_edge_embed_size=8,eta=0.0138,learning_rate=0.0004,max_depth=4,node_embed_size=3,weight=0.8597_2022-12-09_21-18-29"
195,0.520553423826759,0.0375619971343546,2340.895780801773,True,False,,,1,0397c_00007,f3ca05c132674ecda4d32d1f3cebe270,2022-12-09_21-57-56,1670633876,2340.895780801773,6145,arch,192.168.1.113,2340.895780801773,0,1,0.0041000843048095,5,0.014303861840006257,1.0430281018731609e-05,4,10,0.8613029694509786,"/home/italo/ray_results/nenn_xgb_tune/training_function_0397c_00007_7_edge_embed_size=5,eta=0.0143,learning_rate=0.0000,max_depth=4,node_embed_size=10,weight=0.8613_2022-12-09_21-18-29"
196,0.3853717083061063,0.7244193497513118,2000.225962638855,True,False,,,1,0397c_00008,ead89fe7ea294bcdaadd092e096a6d60,2022-12-09_21-52-10,1670633530,2000.225962638855,6109,arch,192.168.1.113,2000.225962638855,0,1,0.0053353309631347,4,0.054685416214467625,0.00020738278128401506,9,6,0.8889520063946146,"/home/italo/ray_results/nenn_xgb_tune/training_function_0397c_00008_8_edge_embed_size=4,eta=0.0547,learning_rate=0.0002,max_depth=9,node_embed_size=6,weight=0.8890_2022-12-09_21-18-26"
197,0.39769590013736,0.7266355432947003,2236.920538187027,True,False,,,1,0397c_00002,36357aee17a94a0a9e492257044186ec,2022-12-09_21-17-10,1670631430,2236.920538187027,2363,arch,192.168.1.113,2236.920538187027,0,1,0.0040550231933593,9,0.05800166621698929,0.00010066480576535266,6,7,0.8683025994409472,"/home/italo/ray_results/nenn_xgb_tune/training_function_0397c_00002_2_edge_embed_size=9,eta=0.0580,learning_rate=0.0001,max_depth=6,node_embed_size=7,weight=0.8683_2022-12-09_20-39-53"
198,0.4664060297850015,0.4530047018431501,2854.074858427048,True,False,,,1,0397c_00000,cd08eb377ee4487fa73dbf57426193a0,2022-12-09_20-46-30,1670629590,2854.074858427048,2328,arch,192.168.1.113,2854.074858427048,0,1,0.0053870677947998,12,0.035229876417510915,0.00013469615999846222,5,11,0.854966247787871,"/home/italo/ray_results/nenn_xgb_tune/training_function_0397c_00000_0_edge_embed_size=12,eta=0.0352,learning_rate=0.0001,max_depth=5,node_embed_size=11,weight=0.8550_2022-12-09_19-58-50"
199,0.4499652131989196,0.3000369345700607,2450.4631536006927,True,False,,,1,0397c_00001,36357aee17a94a0a9e492257044186ec,2022-12-09_20-39-53,1670629193,2450.4631536006927,2363,arch,192.168.1.113,2450.4631536006927,0,1,0.0040550231933593,15,0.022240794051158804,0.0002515884228566237,7,4,0.8619270966350664,"/home/italo/ray_results/nenn_xgb_tune/training_function_0397c_00001_1_edge_embed_size=15,eta=0.0222,learning_rate=0.0003,max_depth=7,node_embed_size=4,weight=0.8619_2022-12-09_19-58-56"
