,loss,f10,time_this_iter_s,should_checkpoint,done,timesteps_total,episodes_total,training_iteration,trial_id,experiment_id,date,timestamp,time_total_s,pid,hostname,node_ip,time_since_restore,timesteps_since_restore,iterations_since_restore,warmup_time,config/eta,config/learning_rate,config/max_depth,config/neurons_l1,config/weight_1,logdir
0,0.3712865839133391,0.5681818181818181,230.3653340339661,True,False,,,1,cf1a0_00000,5e05bb66350d4ee796da0188af707933,2022-12-08_15-58-53,1670525933,230.3653340339661,123952,arch,192.168.1.113,230.3653340339661,0,1,0.0052740573883056,0.11419271797369589,0.00212263658833823,3,16,0.8128049220298605,"/home/italo/ray_results/training_function_2022-12-08_15-54-51/training_function_cf1a0_00000_0_eta=0.1142,learning_rate=0.0021,max_depth=3,neurons_l1=16,weight_1=0.8128_2022-12-08_15-54-59"
1,0.3925757843094903,0.028169014084507,231.54009342193604,True,False,,,1,cf1a0_00001,f32c9b9a616b41dcabab4e597c522853,2022-12-08_15-59-00,1670525940,231.54009342193604,123988,arch,192.168.1.113,231.54009342193604,0,1,0.0048038959503173,0.05245263655148946,0.008831285353775085,5,10,0.648409545635501,"/home/italo/ray_results/training_function_2022-12-08_15-54-51/training_function_cf1a0_00001_1_eta=0.0525,learning_rate=0.0088,max_depth=5,neurons_l1=10,weight_1=0.6484_2022-12-08_15-55-04"
2,0.3596500472442523,0.6145251396648045,232.91654181480408,True,False,,,1,cf1a0_00002,5e05bb66350d4ee796da0188af707933,2022-12-08_16-02-46,1670526166,232.91654181480408,123952,arch,192.168.1.113,232.91654181480408,0,1,0.0052740573883056,0.01994346705164254,0.0015883838950893707,8,9,0.7032678118439705,"/home/italo/ray_results/training_function_2022-12-08_15-54-51/training_function_cf1a0_00002_2_eta=0.0199,learning_rate=0.0016,max_depth=8,neurons_l1=9,weight_1=0.7033_2022-12-08_15-58-53"
3,0.3832524861838366,0.0,232.8928623199463,True,False,,,1,cf1a0_00003,f32c9b9a616b41dcabab4e597c522853,2022-12-08_16-02-53,1670526173,232.8928623199463,123988,arch,192.168.1.113,232.8928623199463,0,1,0.0048038959503173,0.01046705682412406,0.0034003461180898507,4,20,0.6149377531498548,"/home/italo/ray_results/training_function_2022-12-08_15-54-51/training_function_cf1a0_00003_3_eta=0.0105,learning_rate=0.0034,max_depth=4,neurons_l1=20,weight_1=0.6149_2022-12-08_15-59-00"
4,0.3595860382995089,0.5780346820809248,232.17017650604248,True,False,,,1,cf1a0_00004,5e05bb66350d4ee796da0188af707933,2022-12-08_16-06-39,1670526399,232.17017650604248,123952,arch,192.168.1.113,232.17017650604248,0,1,0.0052740573883056,0.12147588160137124,0.0020936458148337134,4,12,0.7108929966803506,"/home/italo/ray_results/training_function_2022-12-08_15-54-51/training_function_cf1a0_00004_4_eta=0.1215,learning_rate=0.0021,max_depth=4,neurons_l1=12,weight_1=0.7109_2022-12-08_16-02-46"
5,0.3865023058008503,0.6827956989247312,235.2282772064209,True,False,,,1,cf1a0_00005,f32c9b9a616b41dcabab4e597c522853,2022-12-08_16-06-48,1670526408,235.2282772064209,123988,arch,192.168.1.113,235.2282772064209,0,1,0.0048038959503173,0.04234439927901025,0.00037365612792861674,5,21,0.8514198480317028,"/home/italo/ray_results/training_function_2022-12-08_15-54-51/training_function_cf1a0_00005_5_eta=0.0423,learning_rate=0.0004,max_depth=5,neurons_l1=21,weight_1=0.8514_2022-12-08_16-02-53"
6,0.3622826575427442,0.6298342541436464,240.25916528701785,True,False,,,1,cf1a0_00006,5e05bb66350d4ee796da0188af707933,2022-12-08_16-10-39,1670526639,240.25916528701785,123952,arch,192.168.1.113,240.25916528701785,0,1,0.0052740573883056,0.11121456169131896,0.0013530811676537573,9,23,0.7515322298215119,"/home/italo/ray_results/training_function_2022-12-08_15-54-51/training_function_cf1a0_00006_6_eta=0.1112,learning_rate=0.0014,max_depth=9,neurons_l1=23,weight_1=0.7515_2022-12-08_16-06-39"
7,0.3741421401500702,0.6956521739130436,237.6389677524567,True,False,,,1,cf1a0_00007,f32c9b9a616b41dcabab4e597c522853,2022-12-08_16-10-46,1670526646,237.6389677524567,123988,arch,192.168.1.113,237.6389677524567,0,1,0.0048038959503173,0.016736129240125536,0.001320891007552806,6,18,0.8429330911949927,"/home/italo/ray_results/training_function_2022-12-08_15-54-51/training_function_cf1a0_00007_7_eta=0.0167,learning_rate=0.0013,max_depth=6,neurons_l1=18,weight_1=0.8429_2022-12-08_16-06-49"
8,0.4058600341951525,0.6197183098591549,234.7940821647644,True,False,,,1,cf1a0_00008,5e05bb66350d4ee796da0188af707933,2022-12-08_16-14-34,1670526874,234.7940821647644,123952,arch,192.168.1.113,234.7940821647644,0,1,0.0052740573883056,0.011835810382029431,0.0006233968586664061,3,23,0.9396877569442024,"/home/italo/ray_results/training_function_2022-12-08_15-54-51/training_function_cf1a0_00008_8_eta=0.0118,learning_rate=0.0006,max_depth=3,neurons_l1=23,weight_1=0.9397_2022-12-08_16-10-39"
9,0.457519162748311,0.5159420289855072,237.74307441711423,True,False,,,1,cf1a0_00009,f32c9b9a616b41dcabab4e597c522853,2022-12-08_16-14-44,1670526884,237.74307441711423,123988,arch,192.168.1.113,237.74307441711423,0,1,0.0048038959503173,0.0187582465143213,0.00018605986654983973,6,27,0.9912269077125755,"/home/italo/ray_results/training_function_2022-12-08_15-54-51/training_function_cf1a0_00009_9_eta=0.0188,learning_rate=0.0002,max_depth=6,neurons_l1=27,weight_1=0.9912_2022-12-08_16-10-46"
10,0.4149963090548644,0.4615384615384615,232.26813888549805,True,False,,,1,cf1a0_00010,5e05bb66350d4ee796da0188af707933,2022-12-08_16-18-26,1670527106,232.26813888549805,123952,arch,192.168.1.113,232.26813888549805,0,1,0.0052740573883056,0.020612665990381366,0.00022111870413430427,5,16,0.715891895157456,"/home/italo/ray_results/training_function_2022-12-08_15-54-51/training_function_cf1a0_00010_10_eta=0.0206,learning_rate=0.0002,max_depth=5,neurons_l1=16,weight_1=0.7159_2022-12-08_16-14-34"
11,0.3516616068176321,0.4967741935483871,234.68920254707336,True,False,,,1,cf1a0_00011,f32c9b9a616b41dcabab4e597c522853,2022-12-08_16-18-39,1670527119,234.68920254707336,123988,arch,192.168.1.113,234.68920254707336,0,1,0.0048038959503173,0.011441263578886217,0.005044182675861274,8,14,0.9876091419880584,"/home/italo/ray_results/training_function_2022-12-08_15-54-51/training_function_cf1a0_00011_11_eta=0.0114,learning_rate=0.0050,max_depth=8,neurons_l1=14,weight_1=0.9876_2022-12-08_16-14-44"
12,0.4526369648205267,0.6299694189602446,233.6490511894226,True,False,,,1,cf1a0_00012,5e05bb66350d4ee796da0188af707933,2022-12-08_16-22-20,1670527340,233.6490511894226,123952,arch,192.168.1.113,233.6490511894226,0,1,0.0052740573883056,0.05626040727293136,0.0002126169853551182,6,11,0.9401376179579705,"/home/italo/ray_results/training_function_2022-12-08_15-54-51/training_function_cf1a0_00012_12_eta=0.0563,learning_rate=0.0002,max_depth=6,neurons_l1=11,weight_1=0.9401_2022-12-08_16-18-26"
13,0.4063440206888559,0.6703910614525139,236.0543856620789,True,False,,,1,cf1a0_00013,f32c9b9a616b41dcabab4e597c522853,2022-12-08_16-22-35,1670527355,236.0543856620789,123988,arch,192.168.1.113,236.0543856620789,0,1,0.0048038959503173,0.017024815683739505,0.004555187720925903,4,25,0.9610351458747111,"/home/italo/ray_results/training_function_2022-12-08_15-54-51/training_function_cf1a0_00013_13_eta=0.0170,learning_rate=0.0046,max_depth=4,neurons_l1=25,weight_1=0.9610_2022-12-08_16-18-39"
14,0.3931941599459261,0.0547945205479452,235.82520294189453,True,False,,,1,cf1a0_00014,5e05bb66350d4ee796da0188af707933,2022-12-08_16-26-16,1670527576,235.82520294189453,123952,arch,192.168.1.113,235.82520294189453,0,1,0.0052740573883056,0.13501496213440828,0.00038432146038798465,6,20,0.6504121750507179,"/home/italo/ray_results/training_function_2022-12-08_15-54-51/training_function_cf1a0_00014_14_eta=0.1350,learning_rate=0.0004,max_depth=6,neurons_l1=20,weight_1=0.6504_2022-12-08_16-22-20"
15,0.3902522104011999,0.6260387811634349,235.502112865448,True,False,,,1,cf1a0_00015,f32c9b9a616b41dcabab4e597c522853,2022-12-08_16-26-30,1670527590,235.502112865448,123988,arch,192.168.1.113,235.502112865448,0,1,0.0048038959503173,0.012314892792643174,0.000836102787491355,9,13,0.8880591092175361,"/home/italo/ray_results/training_function_2022-12-08_15-54-51/training_function_cf1a0_00015_15_eta=0.0123,learning_rate=0.0008,max_depth=9,neurons_l1=13,weight_1=0.8881_2022-12-08_16-22-35"
16,0.3764943887253065,0.6593406593406593,235.4687101840973,True,False,,,1,cf1a0_00016,5e05bb66350d4ee796da0188af707933,2022-12-08_16-30-11,1670527811,235.4687101840973,123952,arch,192.168.1.113,235.4687101840973,0,1,0.0052740573883056,0.04188463180633638,0.0020218386072391042,5,20,0.8511109919297568,"/home/italo/ray_results/training_function_2022-12-08_15-54-51/training_function_cf1a0_00016_16_eta=0.0419,learning_rate=0.0020,max_depth=5,neurons_l1=20,weight_1=0.8511_2022-12-08_16-26-16"
17,0.4072041104774217,0.1171171171171171,233.3129048347473,True,False,,,1,cf1a0_00017,f32c9b9a616b41dcabab4e597c522853,2022-12-08_16-30-24,1670527824,233.3129048347473,123988,arch,192.168.1.113,233.3129048347473,0,1,0.0048038959503173,0.020197358827636076,0.00023009624887328217,3,20,0.6974423576369223,"/home/italo/ray_results/training_function_2022-12-08_15-54-51/training_function_cf1a0_00017_17_eta=0.0202,learning_rate=0.0002,max_depth=3,neurons_l1=20,weight_1=0.6974_2022-12-08_16-26-30"
18,0.3501242584473378,0.6898395721925134,236.3265538215637,True,False,,,1,cf1a0_00018,5e05bb66350d4ee796da0188af707933,2022-12-08_16-34-07,1670528047,236.3265538215637,123952,arch,192.168.1.113,236.3265538215637,0,1,0.0052740573883056,0.02255036143485273,0.007472790170936492,7,23,0.66531344874666,"/home/italo/ray_results/training_function_2022-12-08_15-54-51/training_function_cf1a0_00018_18_eta=0.0226,learning_rate=0.0075,max_depth=7,neurons_l1=23,weight_1=0.6653_2022-12-08_16-30-11"
19,0.3850031954211158,0.629737609329446,231.1266531944275,True,False,,,1,cf1a0_00019,f32c9b9a616b41dcabab4e597c522853,2022-12-08_16-34-15,1670528055,231.1266531944275,123988,arch,192.168.1.113,231.1266531944275,0,1,0.0048038959503173,0.1156585358065016,0.0003459170924974513,4,9,0.7972305325237299,"/home/italo/ray_results/training_function_2022-12-08_15-54-51/training_function_cf1a0_00019_19_eta=0.1157,learning_rate=0.0003,max_depth=4,neurons_l1=9,weight_1=0.7972_2022-12-08_16-30-24"
20,0.3806540494835054,0.6477272727272727,232.71314930915835,True,False,,,1,cf1a0_00020,5e05bb66350d4ee796da0188af707933,2022-12-08_16-38-00,1670528280,232.71314930915835,123952,arch,192.168.1.113,232.71314930915835,0,1,0.0052740573883056,0.05887478703619204,0.0003729300166813261,5,16,0.7944905828004871,"/home/italo/ray_results/training_function_2022-12-08_15-54-51/training_function_cf1a0_00020_20_eta=0.0589,learning_rate=0.0004,max_depth=5,neurons_l1=16,weight_1=0.7945_2022-12-08_16-34-07"
21,0.3724645223166491,0.6184971098265897,233.66771030426025,True,False,,,1,cf1a0_00021,f32c9b9a616b41dcabab4e597c522853,2022-12-08_16-38-08,1670528288,233.66771030426025,123988,arch,192.168.1.113,233.66771030426025,0,1,0.0048038959503173,0.011297156880725807,0.0009440824146720989,3,19,0.815727354392024,"/home/italo/ray_results/training_function_2022-12-08_15-54-51/training_function_cf1a0_00021_21_eta=0.0113,learning_rate=0.0009,max_depth=3,neurons_l1=19,weight_1=0.8157_2022-12-08_16-34-15"
22,0.4368930438885817,0.6426426426426427,232.0223834514618,True,False,,,1,cf1a0_00022,5e05bb66350d4ee796da0188af707933,2022-12-08_16-41-52,1670528512,232.0223834514618,123952,arch,192.168.1.113,232.0223834514618,0,1,0.0052740573883056,0.014764436459921095,0.00013932957318365822,4,21,0.8906375970085116,"/home/italo/ray_results/training_function_2022-12-08_15-54-51/training_function_cf1a0_00022_22_eta=0.0148,learning_rate=0.0001,max_depth=4,neurons_l1=21,weight_1=0.8906_2022-12-08_16-38-00"
23,0.3735899635263391,0.4864864864864865,232.1540868282318,True,False,,,1,cf1a0_00023,f32c9b9a616b41dcabab4e597c522853,2022-12-08_16-42-01,1670528521,232.1540868282318,123988,arch,192.168.1.113,232.1540868282318,0,1,0.0048038959503173,0.07579238923578098,0.00044102240904683927,3,19,0.6546728972501771,"/home/italo/ray_results/training_function_2022-12-08_15-54-51/training_function_cf1a0_00023_23_eta=0.0758,learning_rate=0.0004,max_depth=3,neurons_l1=19,weight_1=0.6547_2022-12-08_16-38-09"
24,0.3828906340373529,0.063063063063063,229.49066972732544,True,False,,,1,cf1a0_00024,5e05bb66350d4ee796da0188af707933,2022-12-08_16-45-42,1670528742,229.49066972732544,123952,arch,192.168.1.113,229.49066972732544,0,1,0.0052740573883056,0.11786656129370877,0.003197344115459259,5,17,0.6135382303346901,"/home/italo/ray_results/training_function_2022-12-08_15-54-51/training_function_cf1a0_00024_24_eta=0.1179,learning_rate=0.0032,max_depth=5,neurons_l1=17,weight_1=0.6135_2022-12-08_16-41-52"
25,0.3663749501511857,0.6605504587155964,235.17159605026245,True,False,,,1,cf1a0_00025,f32c9b9a616b41dcabab4e597c522853,2022-12-08_16-45-56,1670528756,235.17159605026245,123988,arch,192.168.1.113,235.17159605026245,0,1,0.0048038959503173,0.08897844308220558,0.0003862239218580504,4,26,0.7089484032866514,"/home/italo/ray_results/training_function_2022-12-08_15-54-51/training_function_cf1a0_00025_25_eta=0.0890,learning_rate=0.0004,max_depth=4,neurons_l1=26,weight_1=0.7089_2022-12-08_16-42-01"
26,0.4028665983193629,0.6409495548961425,229.018372297287,True,False,,,1,cf1a0_00026,5e05bb66350d4ee796da0188af707933,2022-12-08_16-49-31,1670528971,229.018372297287,123952,arch,192.168.1.113,229.018372297287,0,1,0.0052740573883056,0.12847153111951232,0.0002127794891549168,7,17,0.8216716337306245,"/home/italo/ray_results/training_function_2022-12-08_15-54-51/training_function_cf1a0_00026_26_eta=0.1285,learning_rate=0.0002,max_depth=7,neurons_l1=17,weight_1=0.8217_2022-12-08_16-45-42"
27,0.4013032719895646,0.6133333333333334,231.10684633255005,True,False,,,1,cf1a0_00027,f32c9b9a616b41dcabab4e597c522853,2022-12-08_16-49-47,1670528987,231.10684633255005,123988,arch,192.168.1.113,231.10684633255005,0,1,0.0048038959503173,0.020900921630679137,0.0006965718546867081,9,9,0.9228120700605538,"/home/italo/ray_results/training_function_2022-12-08_15-54-51/training_function_cf1a0_00027_27_eta=0.0209,learning_rate=0.0007,max_depth=9,neurons_l1=9,weight_1=0.9228_2022-12-08_16-45-56"
28,0.3597235723927214,0.6596306068601583,225.53309988975525,True,False,,,1,cf1a0_00028,5e05bb66350d4ee796da0188af707933,2022-12-08_16-53-16,1670529196,225.53309988975525,123952,arch,192.168.1.113,225.53309988975525,0,1,0.0052740573883056,0.1455326839601141,0.008477695179517195,5,9,0.759579590564313,"/home/italo/ray_results/training_function_2022-12-08_15-54-51/training_function_cf1a0_00028_28_eta=0.1455,learning_rate=0.0085,max_depth=5,neurons_l1=9,weight_1=0.7596_2022-12-08_16-49-31"
29,0.3696086881933985,0.601123595505618,231.49226188659668,True,False,,,1,cf1a0_00029,f32c9b9a616b41dcabab4e597c522853,2022-12-08_16-53-39,1670529219,231.49226188659668,123988,arch,192.168.1.113,231.49226188659668,0,1,0.0048038959503173,0.010837754489975815,0.0008338519449245428,9,22,0.7828816079097942,"/home/italo/ray_results/training_function_2022-12-08_15-54-51/training_function_cf1a0_00029_29_eta=0.0108,learning_rate=0.0008,max_depth=9,neurons_l1=22,weight_1=0.7829_2022-12-08_16-49-47"
30,0.4059138418854894,0.6457142857142858,225.4204182624817,True,False,,,1,cf1a0_00030,5e05bb66350d4ee796da0188af707933,2022-12-08_16-57-02,1670529422,225.4204182624817,123952,arch,192.168.1.113,225.4204182624817,0,1,0.0052740573883056,0.17663323690269825,0.00033567030657272363,3,13,0.8874800894605687,"/home/italo/ray_results/training_function_2022-12-08_15-54-51/training_function_cf1a0_00030_30_eta=0.1766,learning_rate=0.0003,max_depth=3,neurons_l1=13,weight_1=0.8875_2022-12-08_16-53-16"
31,0.3944734838363287,0.0701754385964912,229.12524366378784,True,False,,,1,cf1a0_00031,f32c9b9a616b41dcabab4e597c522853,2022-12-08_16-57-28,1670529448,229.12524366378784,123988,arch,192.168.1.113,229.12524366378784,0,1,0.0048038959503173,0.19301891588428866,0.002678237991960768,6,11,0.654596169649535,"/home/italo/ray_results/training_function_2022-12-08_15-54-51/training_function_cf1a0_00031_31_eta=0.1930,learning_rate=0.0027,max_depth=6,neurons_l1=11,weight_1=0.6546_2022-12-08_16-53-39"
32,0.3726467707672635,0.4755700325732899,226.935891866684,True,False,,,1,cf1a0_00032,5e05bb66350d4ee796da0188af707933,2022-12-08_17-00-49,1670529649,226.935891866684,123952,arch,192.168.1.113,226.935891866684,0,1,0.0052740573883056,0.1902418085444086,0.0010132713923528863,6,13,0.9874520433849165,"/home/italo/ray_results/training_function_2022-12-08_15-54-51/training_function_cf1a0_00032_32_eta=0.1902,learning_rate=0.0010,max_depth=6,neurons_l1=13,weight_1=0.9875_2022-12-08_16-57-02"
33,0.4072848409414291,0.5920398009950248,225.33098983764648,True,False,,,1,cf1a0_00033,f32c9b9a616b41dcabab4e597c522853,2022-12-08_17-01-13,1670529673,225.33098983764648,123988,arch,192.168.1.113,225.33098983764648,0,1,0.0048038959503173,0.01212099105052407,0.0032423858250189086,7,8,0.9607597253628766,"/home/italo/ray_results/training_function_2022-12-08_15-54-51/training_function_cf1a0_00033_33_eta=0.0121,learning_rate=0.0032,max_depth=7,neurons_l1=8,weight_1=0.9608_2022-12-08_16-57-28"
34,0.3708210921770817,0.6628242074927954,230.428861618042,True,False,,,1,cf1a0_00034,5e05bb66350d4ee796da0188af707933,2022-12-08_17-04-39,1670529879,230.428861618042,123952,arch,192.168.1.113,230.428861618042,0,1,0.0052740573883056,0.03736824656077011,0.000445498219108462,7,26,0.7593096898759275,"/home/italo/ray_results/training_function_2022-12-08_15-54-51/training_function_cf1a0_00034_34_eta=0.0374,learning_rate=0.0004,max_depth=7,neurons_l1=26,weight_1=0.7593_2022-12-08_17-00-49"
35,0.4065486603492015,0.0189573459715639,227.26022338867188,True,False,,,1,cf1a0_00035,f32c9b9a616b41dcabab4e597c522853,2022-12-08_17-05-00,1670529900,227.26022338867188,123988,arch,192.168.1.113,227.26022338867188,0,1,0.0048038959503173,0.0411596240533096,0.0008652204011169974,4,15,0.6922863521159915,"/home/italo/ray_results/training_function_2022-12-08_15-54-51/training_function_cf1a0_00035_35_eta=0.0412,learning_rate=0.0009,max_depth=4,neurons_l1=15,weight_1=0.6923_2022-12-08_17-01-13"
36,0.3681332537451306,0.6158357771260996,226.84926843643188,True,False,,,1,cf1a0_00036,5e05bb66350d4ee796da0188af707933,2022-12-08_17-08-26,1670530106,226.84926843643188,123952,arch,192.168.1.113,226.84926843643188,0,1,0.0052740573883056,0.01288677475578544,0.0006523330995390204,5,13,0.7476805650691309,"/home/italo/ray_results/training_function_2022-12-08_15-54-51/training_function_cf1a0_00036_36_eta=0.0129,learning_rate=0.0007,max_depth=5,neurons_l1=13,weight_1=0.7477_2022-12-08_17-04-39"
37,0.382286707694466,0.6426735218508998,229.3594117164612,True,False,,,1,cf1a0_00037,f32c9b9a616b41dcabab4e597c522853,2022-12-08_17-08-50,1670530130,229.3594117164612,123988,arch,192.168.1.113,229.3594117164612,0,1,0.0048038959503173,0.015856407522695338,0.002175734215508026,9,24,0.8893304950937111,"/home/italo/ray_results/training_function_2022-12-08_15-54-51/training_function_cf1a0_00037_37_eta=0.0159,learning_rate=0.0022,max_depth=9,neurons_l1=24,weight_1=0.8893_2022-12-08_17-05-00"
38,0.3988126802283364,0.380952380952381,227.7762279510498,True,False,,,1,cf1a0_00038,5e05bb66350d4ee796da0188af707933,2022-12-08_17-12-14,1670530334,227.7762279510498,123952,arch,192.168.1.113,227.7762279510498,0,1,0.0052740573883056,0.010861407750027334,0.00035673913473776957,7,15,0.6736071378482938,"/home/italo/ray_results/training_function_2022-12-08_15-54-51/training_function_cf1a0_00038_38_eta=0.0109,learning_rate=0.0004,max_depth=7,neurons_l1=15,weight_1=0.6736_2022-12-08_17-08-26"
39,0.3581956045047657,0.6495726495726496,227.37770557403564,True,False,,,1,cf1a0_00039,f32c9b9a616b41dcabab4e597c522853,2022-12-08_17-12-37,1670530357,227.37770557403564,123988,arch,192.168.1.113,227.37770557403564,0,1,0.0048038959503173,0.11060920035177438,0.005213429758851885,4,18,0.7400694443773277,"/home/italo/ray_results/training_function_2022-12-08_15-54-51/training_function_cf1a0_00039_39_eta=0.1106,learning_rate=0.0052,max_depth=4,neurons_l1=18,weight_1=0.7401_2022-12-08_17-08-50"
40,0.3527285722461906,0.6833333333333333,227.3956606388092,True,False,,,1,cf1a0_00040,5e05bb66350d4ee796da0188af707933,2022-12-08_17-16-01,1670530561,227.3956606388092,123952,arch,192.168.1.113,227.3956606388092,0,1,0.0052740573883056,0.15344020918470908,0.008875221986117395,6,12,0.6709966656878396,"/home/italo/ray_results/training_function_2022-12-08_15-54-51/training_function_cf1a0_00040_40_eta=0.1534,learning_rate=0.0089,max_depth=6,neurons_l1=12,weight_1=0.6710_2022-12-08_17-12-14"
41,0.4011425412184483,0.6271186440677966,228.66794991493225,True,False,,,1,cf1a0_00041,f32c9b9a616b41dcabab4e597c522853,2022-12-08_17-16-26,1670530586,228.66794991493225,123988,arch,192.168.1.113,228.66794991493225,0,1,0.0048038959503173,0.01484771445695432,0.0008426080801373089,8,15,0.9281340584949224,"/home/italo/ray_results/training_function_2022-12-08_15-54-51/training_function_cf1a0_00041_41_eta=0.0148,learning_rate=0.0008,max_depth=8,neurons_l1=15,weight_1=0.9281_2022-12-08_17-12-37"
42,0.3778788829977448,0.6246719160104987,228.9390082359314,True,False,,,1,cf1a0_00042,5e05bb66350d4ee796da0188af707933,2022-12-08_17-19-50,1670530790,228.9390082359314,123952,arch,192.168.1.113,228.9390082359314,0,1,0.0052740573883056,0.06816262148759161,0.004229647987905083,7,18,0.8675638711266966,"/home/italo/ray_results/training_function_2022-12-08_15-54-51/training_function_cf1a0_00042_42_eta=0.0682,learning_rate=0.0042,max_depth=7,neurons_l1=18,weight_1=0.8676_2022-12-08_17-16-01"
43,0.3801822340166246,0.1030042918454935,226.44230318069455,True,False,,,1,cf1a0_00043,f32c9b9a616b41dcabab4e597c522853,2022-12-08_17-20-12,1670530812,226.44230318069455,123988,arch,192.168.1.113,226.44230318069455,0,1,0.0048038959503173,0.09573408406458733,0.002489170650435198,9,8,0.6027976817874966,"/home/italo/ray_results/training_function_2022-12-08_15-54-51/training_function_cf1a0_00043_43_eta=0.0957,learning_rate=0.0025,max_depth=9,neurons_l1=8,weight_1=0.6028_2022-12-08_17-16-26"
44,0.3552231309381691,0.6740947075208913,228.6306529045105,True,False,,,1,cf1a0_00044,5e05bb66350d4ee796da0188af707933,2022-12-08_17-23-39,1670531019,228.6306529045105,123952,arch,192.168.1.113,228.6306529045105,0,1,0.0052740573883056,0.10288464655592168,0.004227884301612669,7,18,0.7168530859849916,"/home/italo/ray_results/training_function_2022-12-08_15-54-51/training_function_cf1a0_00044_44_eta=0.1029,learning_rate=0.0042,max_depth=7,neurons_l1=18,weight_1=0.7169_2022-12-08_17-19-50"
45,0.395583021882418,0.6028169014084508,226.19005012512207,True,False,,,1,cf1a0_00045,f32c9b9a616b41dcabab4e597c522853,2022-12-08_17-23-59,1670531039,226.19005012512207,123988,arch,192.168.1.113,226.19005012512207,0,1,0.0048038959503173,0.023308313193354416,0.001846774244326092,5,16,0.9337226430222163,"/home/italo/ray_results/training_function_2022-12-08_15-54-51/training_function_cf1a0_00045_45_eta=0.0233,learning_rate=0.0018,max_depth=5,neurons_l1=16,weight_1=0.9337_2022-12-08_17-20-12"
46,0.4346059121795603,0.6572237960339943,226.22189044952395,True,False,,,1,cf1a0_00046,5e05bb66350d4ee796da0188af707933,2022-12-08_17-27-25,1670531245,226.22189044952395,123952,arch,192.168.1.113,226.22189044952395,0,1,0.0052740573883056,0.019317245365140723,0.00043756874607330806,7,10,0.9565087844762581,"/home/italo/ray_results/training_function_2022-12-08_15-54-51/training_function_cf1a0_00046_46_eta=0.0193,learning_rate=0.0004,max_depth=7,neurons_l1=10,weight_1=0.9565_2022-12-08_17-23-39"
47,0.3543745955905398,0.6919191919191919,226.30402135849,True,False,,,1,cf1a0_00047,f32c9b9a616b41dcabab4e597c522853,2022-12-08_17-27-45,1670531265,226.30402135849,123988,arch,192.168.1.113,226.30402135849,0,1,0.0048038959503173,0.017491242757722993,0.007740192881579071,3,18,0.7193535804506855,"/home/italo/ray_results/training_function_2022-12-08_15-54-51/training_function_cf1a0_00047_47_eta=0.0175,learning_rate=0.0077,max_depth=3,neurons_l1=18,weight_1=0.7194_2022-12-08_17-23-59"
48,0.3834714688159324,0.0782608695652173,229.87323093414307,True,False,,,1,cf1a0_00048,5e05bb66350d4ee796da0188af707933,2022-12-08_17-31-15,1670531475,229.87323093414307,123952,arch,192.168.1.113,229.87323093414307,0,1,0.0052740573883056,0.11923091243727271,0.00017624237144716479,9,14,0.6157778384064241,"/home/italo/ray_results/training_function_2022-12-08_15-54-51/training_function_cf1a0_00048_48_eta=0.1192,learning_rate=0.0002,max_depth=9,neurons_l1=14,weight_1=0.6158_2022-12-08_17-27-25"
49,0.3588001639456362,0.6648199445983379,229.0810601711273,True,False,,,1,cf1a0_00049,f32c9b9a616b41dcabab4e597c522853,2022-12-08_17-31-34,1670531494,229.0810601711273,123988,arch,192.168.1.113,229.0810601711273,0,1,0.0048038959503173,0.049409511304368416,0.007489787026630232,4,21,0.7467077683399994,"/home/italo/ray_results/training_function_2022-12-08_15-54-51/training_function_cf1a0_00049_49_eta=0.0494,learning_rate=0.0075,max_depth=4,neurons_l1=21,weight_1=0.7467_2022-12-08_17-27-45"
50,0.3912369214199684,0.0372093023255813,230.4240615367889,True,False,,,1,cf1a0_00050,5e05bb66350d4ee796da0188af707933,2022-12-08_17-35-06,1670531706,230.4240615367889,123952,arch,192.168.1.113,230.4240615367889,0,1,0.0052740573883056,0.04780953704547348,0.0002628874464945217,8,22,0.6438526538572275,"/home/italo/ray_results/training_function_2022-12-08_15-54-51/training_function_cf1a0_00050_50_eta=0.0478,learning_rate=0.0003,max_depth=8,neurons_l1=22,weight_1=0.6439_2022-12-08_17-31-15"
51,0.3645613185457281,0.6067415730337079,228.330992937088,True,False,,,1,cf1a0_00051,f32c9b9a616b41dcabab4e597c522853,2022-12-08_17-35-22,1670531722,228.330992937088,123988,arch,192.168.1.113,228.330992937088,0,1,0.0048038959503173,0.18414368628079145,0.003343269002310634,8,9,0.757875142598677,"/home/italo/ray_results/training_function_2022-12-08_15-54-51/training_function_cf1a0_00051_51_eta=0.1841,learning_rate=0.0033,max_depth=8,neurons_l1=9,weight_1=0.7579_2022-12-08_17-31-34"
52,0.4802637313668792,0.5096774193548388,224.68824362754825,True,False,,,1,cf1a0_00052,5e05bb66350d4ee796da0188af707933,2022-12-08_17-38-50,1670531930,224.68824362754825,123952,arch,192.168.1.113,224.68824362754825,0,1,0.0052740573883056,0.023479721604736836,0.00019764284804997905,5,9,0.9830020990846876,"/home/italo/ray_results/training_function_2022-12-08_15-54-51/training_function_cf1a0_00052_52_eta=0.0235,learning_rate=0.0002,max_depth=5,neurons_l1=9,weight_1=0.9830_2022-12-08_17-35-06"
53,0.3893584500293474,0.0,223.5447280406952,True,False,,,1,cf1a0_00053,f32c9b9a616b41dcabab4e597c522853,2022-12-08_17-39-06,1670531946,223.5447280406952,123988,arch,192.168.1.113,223.5447280406952,0,1,0.0048038959503173,0.02769848609747592,0.00013700588867280708,3,11,0.6373499540123954,"/home/italo/ray_results/training_function_2022-12-08_15-54-51/training_function_cf1a0_00053_53_eta=0.0277,learning_rate=0.0001,max_depth=3,neurons_l1=11,weight_1=0.6373_2022-12-08_17-35-22"
54,0.367782301193959,0.6789473684210526,233.0218904018402,True,False,,,1,cf1a0_00054,5e05bb66350d4ee796da0188af707933,2022-12-08_17-42-43,1670532163,233.0218904018402,123952,arch,192.168.1.113,233.0218904018402,0,1,0.0052740573883056,0.04380313965000921,0.005755117523940616,8,17,0.8145513712944188,"/home/italo/ray_results/training_function_2022-12-08_15-54-51/training_function_cf1a0_00054_54_eta=0.0438,learning_rate=0.0058,max_depth=8,neurons_l1=17,weight_1=0.8146_2022-12-08_17-38-50"
55,0.376203445566667,0.6336088154269972,234.85283946990967,True,False,,,1,cf1a0_00055,f32c9b9a616b41dcabab4e597c522853,2022-12-08_17-43-01,1670532181,234.85283946990967,123988,arch,192.168.1.113,234.85283946990967,0,1,0.0048038959503173,0.1847691969778588,0.0039610881441179005,9,22,0.8627134045021347,"/home/italo/ray_results/training_function_2022-12-08_15-54-51/training_function_cf1a0_00055_55_eta=0.1848,learning_rate=0.0040,max_depth=9,neurons_l1=22,weight_1=0.8627_2022-12-08_17-39-06"
56,0.3581882268190384,0.6685236768802227,227.37391757965088,True,False,,,1,cf1a0_00056,5e05bb66350d4ee796da0188af707933,2022-12-08_17-46-31,1670532391,227.37391757965088,123952,arch,192.168.1.113,227.37391757965088,0,1,0.0052740573883056,0.023945872679342724,0.0010044217328122442,8,11,0.7026293199086718,"/home/italo/ray_results/training_function_2022-12-08_15-54-51/training_function_cf1a0_00056_56_eta=0.0239,learning_rate=0.0010,max_depth=8,neurons_l1=11,weight_1=0.7026_2022-12-08_17-42-43"
57,0.3520879499815605,0.628099173553719,224.8140513896942,True,False,,,1,cf1a0_00057,f32c9b9a616b41dcabab4e597c522853,2022-12-08_17-46-46,1670532406,224.8140513896942,123988,arch,192.168.1.113,224.8140513896942,0,1,0.0048038959503173,0.024902045612836123,0.009569249912662387,6,8,0.689553481353372,"/home/italo/ray_results/training_function_2022-12-08_15-54-51/training_function_cf1a0_00057_57_eta=0.0249,learning_rate=0.0096,max_depth=6,neurons_l1=8,weight_1=0.6896_2022-12-08_17-43-01"
58,0.3650337546258359,0.6096866096866097,225.3517425060272,True,False,,,1,cf1a0_00058,5e05bb66350d4ee796da0188af707933,2022-12-08_17-50-16,1670532616,225.3517425060272,123952,arch,192.168.1.113,225.3517425060272,0,1,0.0052740573883056,0.03673359319071526,0.0010808413237872081,9,8,0.7388293484608477,"/home/italo/ray_results/training_function_2022-12-08_15-54-51/training_function_cf1a0_00058_58_eta=0.0367,learning_rate=0.0011,max_depth=9,neurons_l1=8,weight_1=0.7388_2022-12-08_17-46-31"
59,0.4024705443833325,0.6458333333333333,225.8297472000122,True,False,,,1,cf1a0_00059,f32c9b9a616b41dcabab4e597c522853,2022-12-08_17-50-32,1670532632,225.8297472000122,123988,arch,192.168.1.113,225.8297472000122,0,1,0.0048038959503173,0.05989180170035163,0.006552339221387053,6,16,0.9668349683093038,"/home/italo/ray_results/training_function_2022-12-08_15-54-51/training_function_cf1a0_00059_59_eta=0.0599,learning_rate=0.0066,max_depth=6,neurons_l1=16,weight_1=0.9668_2022-12-08_17-46-46"
60,0.3769959336197054,0.6719576719576719,233.3514778614044,True,False,,,1,cf1a0_00060,5e05bb66350d4ee796da0188af707933,2022-12-08_17-54-10,1670532850,233.3514778614044,123952,arch,192.168.1.113,233.3514778614044,0,1,0.0052740573883056,0.12399557709132984,0.0038288782751600974,8,27,0.8583749527817518,"/home/italo/ray_results/training_function_2022-12-08_15-54-51/training_function_cf1a0_00060_60_eta=0.1240,learning_rate=0.0038,max_depth=8,neurons_l1=27,weight_1=0.8584_2022-12-08_17-50-16"
61,0.4712916664980553,0.6041055718475073,232.4070763587952,True,False,,,1,cf1a0_00061,f32c9b9a616b41dcabab4e597c522853,2022-12-08_17-54-24,1670532864,232.4070763587952,123988,arch,192.168.1.113,232.4070763587952,0,1,0.0048038959503173,0.06674875604606224,0.00018058615854008638,8,22,0.9771863386070698,"/home/italo/ray_results/training_function_2022-12-08_15-54-51/training_function_cf1a0_00061_61_eta=0.0667,learning_rate=0.0002,max_depth=8,neurons_l1=22,weight_1=0.9772_2022-12-08_17-50-32"
62,0.3917696250451578,0.5976331360946746,228.8330492973328,True,False,,,1,cf1a0_00062,5e05bb66350d4ee796da0188af707933,2022-12-08_17-57-59,1670533079,228.8330492973328,123952,arch,192.168.1.113,228.8330492973328,0,1,0.0052740573883056,0.029334589910408205,0.000266937774426652,6,11,0.7793730045127119,"/home/italo/ray_results/training_function_2022-12-08_15-54-51/training_function_cf1a0_00062_62_eta=0.0293,learning_rate=0.0003,max_depth=6,neurons_l1=11,weight_1=0.7794_2022-12-08_17-54-10"
63,0.4470766392108556,0.5741324921135647,227.71647834777832,True,False,,,1,cf1a0_00063,f32c9b9a616b41dcabab4e597c522853,2022-12-08_17-58-12,1670533092,227.71647834777832,123988,arch,192.168.1.113,227.71647834777832,0,1,0.0048038959503173,0.17807419006750352,0.0002026284710057611,6,9,0.9071981218741687,"/home/italo/ray_results/training_function_2022-12-08_15-54-51/training_function_cf1a0_00063_63_eta=0.1781,learning_rate=0.0002,max_depth=6,neurons_l1=9,weight_1=0.9072_2022-12-08_17-54-24"
64,0.4023910772961539,0.6925207756232687,284.7937035560608,True,False,,,1,cf1a0_00064,5e05bb66350d4ee796da0188af707933,2022-12-08_18-02-43,1670533363,284.7937035560608,123952,arch,192.168.1.113,284.7937035560608,0,1,0.0052740573883056,0.07208112567927541,0.008741539061152733,6,25,0.947217321601223,"/home/italo/ray_results/training_function_2022-12-08_15-54-51/training_function_cf1a0_00064_64_eta=0.0721,learning_rate=0.0087,max_depth=6,neurons_l1=25,weight_1=0.9472_2022-12-08_17-57-59"
65,0.3699136678431485,0.6424581005586592,289.036687374115,True,False,,,1,cf1a0_00065,f32c9b9a616b41dcabab4e597c522853,2022-12-08_18-03-01,1670533381,289.036687374115,123988,arch,192.168.1.113,289.036687374115,0,1,0.0048038959503173,0.13967559495749468,0.0037604635358549506,9,22,0.8177842939874631,"/home/italo/ray_results/training_function_2022-12-08_15-54-51/training_function_cf1a0_00065_65_eta=0.1397,learning_rate=0.0038,max_depth=9,neurons_l1=22,weight_1=0.8178_2022-12-08_17-58-12"
66,0.3531697251506754,0.6515580736543909,290.63232254981995,True,False,,,1,cf1a0_00066,5e05bb66350d4ee796da0188af707933,2022-12-08_18-07-34,1670533654,290.63232254981995,123952,arch,192.168.1.113,290.63232254981995,0,1,0.0052740573883056,0.0845144136750951,0.0015003631244521272,4,16,0.674214403986353,"/home/italo/ray_results/training_function_2022-12-08_15-54-51/training_function_cf1a0_00066_66_eta=0.0845,learning_rate=0.0015,max_depth=4,neurons_l1=16,weight_1=0.6742_2022-12-08_18-02-43"
67,0.3777013964749671,0.6298342541436464,295.272424697876,True,False,,,1,cf1a0_00067,f32c9b9a616b41dcabab4e597c522853,2022-12-08_18-07-56,1670533676,295.272424697876,123988,arch,192.168.1.113,295.272424697876,0,1,0.0048038959503173,0.01824735435286026,0.00075022403763741,7,22,0.8348074439081863,"/home/italo/ray_results/training_function_2022-12-08_15-54-51/training_function_cf1a0_00067_67_eta=0.0182,learning_rate=0.0008,max_depth=7,neurons_l1=22,weight_1=0.8348_2022-12-08_18-03-01"
68,0.3717814808761751,0.4753086419753086,289.3545980453491,True,False,,,1,cf1a0_00068,5e05bb66350d4ee796da0188af707933,2022-12-08_18-12-23,1670533943,289.3545980453491,123952,arch,192.168.1.113,289.3545980453491,0,1,0.0052740573883056,0.03187171861142762,0.0010702476073958832,3,16,0.9907324502255991,"/home/italo/ray_results/training_function_2022-12-08_15-54-51/training_function_cf1a0_00068_68_eta=0.0319,learning_rate=0.0011,max_depth=3,neurons_l1=16,weight_1=0.9907_2022-12-08_18-07-34"
69,0.3890484450636683,0.2047244094488189,295.64183926582336,True,False,,,1,cf1a0_00069,f32c9b9a616b41dcabab4e597c522853,2022-12-08_18-12-52,1670533972,295.64183926582336,123988,arch,192.168.1.113,295.64183926582336,0,1,0.0048038959503173,0.11623141061744659,0.0016571766659026173,7,22,0.6378233731181405,"/home/italo/ray_results/training_function_2022-12-08_15-54-51/training_function_cf1a0_00069_69_eta=0.1162,learning_rate=0.0017,max_depth=7,neurons_l1=22,weight_1=0.6378_2022-12-08_18-07-56"
70,0.4303634307674459,0.6162790697674418,291.04851722717285,True,False,,,1,cf1a0_00070,5e05bb66350d4ee796da0188af707933,2022-12-08_18-17-14,1670534234,291.04851722717285,123952,arch,192.168.1.113,291.04851722717285,0,1,0.0052740573883056,0.1277075497277124,0.00017356333774131273,8,20,0.8953925157198332,"/home/italo/ray_results/training_function_2022-12-08_15-54-51/training_function_cf1a0_00070_70_eta=0.1277,learning_rate=0.0002,max_depth=8,neurons_l1=20,weight_1=0.8954_2022-12-08_18-12-23"
71,0.4046118025844161,0.1255605381165919,284.04090905189514,True,False,,,1,cf1a0_00071,f32c9b9a616b41dcabab4e597c522853,2022-12-08_18-17-36,1670534256,284.04090905189514,123988,arch,192.168.1.113,284.04090905189514,0,1,0.0048038959503173,0.029108775818959792,0.00021557494608965086,5,27,0.6888264475992872,"/home/italo/ray_results/training_function_2022-12-08_15-54-51/training_function_cf1a0_00071_71_eta=0.0291,learning_rate=0.0002,max_depth=5,neurons_l1=27,weight_1=0.6888_2022-12-08_18-12-52"
72,0.3803668457108575,0.6599496221662469,227.5252025127411,True,False,,,1,cf1a0_00072,5e05bb66350d4ee796da0188af707933,2022-12-08_18-21-02,1670534462,227.5252025127411,123952,arch,192.168.1.113,227.5252025127411,0,1,0.0052740573883056,0.050151314457636556,0.009113203195268942,6,9,0.8690433389128372,"/home/italo/ray_results/training_function_2022-12-08_15-54-51/training_function_cf1a0_00072_72_eta=0.0502,learning_rate=0.0091,max_depth=6,neurons_l1=9,weight_1=0.8690_2022-12-08_18-17-15"
73,0.3978228947600802,0.028169014084507,227.562273979187,True,False,,,1,cf1a0_00073,f32c9b9a616b41dcabab4e597c522853,2022-12-08_18-21-24,1670534484,227.562273979187,123988,arch,192.168.1.113,227.562273979187,0,1,0.0048038959503173,0.011264328821398991,0.009571650644159461,5,19,0.6651805496216409,"/home/italo/ray_results/training_function_2022-12-08_15-54-51/training_function_cf1a0_00073_73_eta=0.0113,learning_rate=0.0096,max_depth=5,neurons_l1=19,weight_1=0.6652_2022-12-08_18-17-36"
74,0.4285871487211536,0.6144927536231883,223.9368484020233,True,False,,,1,cf1a0_00074,5e05bb66350d4ee796da0188af707933,2022-12-08_18-24-46,1670534686,223.9368484020233,123952,arch,192.168.1.113,223.9368484020233,0,1,0.0052740573883056,0.012555940131181078,0.000498688092450445,7,10,0.9633523493605047,"/home/italo/ray_results/training_function_2022-12-08_15-54-51/training_function_cf1a0_00074_74_eta=0.0126,learning_rate=0.0005,max_depth=7,neurons_l1=10,weight_1=0.9634_2022-12-08_18-21-02"
75,0.4637989373625936,0.6432748538011696,226.7757363319397,True,False,,,1,cf1a0_00075,f32c9b9a616b41dcabab4e597c522853,2022-12-08_18-25-10,1670534710,226.7757363319397,123988,arch,192.168.1.113,226.7757363319397,0,1,0.0048038959503173,0.016086401615921276,0.00022251290100102085,8,24,0.980746514132707,"/home/italo/ray_results/training_function_2022-12-08_15-54-51/training_function_cf1a0_00075_75_eta=0.0161,learning_rate=0.0002,max_depth=8,neurons_l1=24,weight_1=0.9807_2022-12-08_18-21-24"
76,0.3783634663433642,0.6666666666666667,232.63969469070437,True,False,,,1,cf1a0_00076,5e05bb66350d4ee796da0188af707933,2022-12-08_18-28-39,1670534919,232.63969469070437,123952,arch,192.168.1.113,232.63969469070437,0,1,0.0052740573883056,0.06068682390288544,0.008155369020634906,9,27,0.8620482917739842,"/home/italo/ray_results/training_function_2022-12-08_15-54-51/training_function_cf1a0_00076_76_eta=0.0607,learning_rate=0.0082,max_depth=9,neurons_l1=27,weight_1=0.8620_2022-12-08_18-24-46"
77,0.390297495030068,0.6449864498644985,223.2671973705292,True,False,,,1,cf1a0_00077,f32c9b9a616b41dcabab4e597c522853,2022-12-08_18-28-54,1670534934,223.2671973705292,123988,arch,192.168.1.113,223.2671973705292,0,1,0.0048038959503173,0.15467810347888886,0.0012336550059988943,4,8,0.9026327918738901,"/home/italo/ray_results/training_function_2022-12-08_15-54-51/training_function_cf1a0_00077_77_eta=0.1547,learning_rate=0.0012,max_depth=4,neurons_l1=8,weight_1=0.9026_2022-12-08_18-25-10"
78,0.3594590296616425,0.6666666666666666,229.16216039657596,True,False,,,1,cf1a0_00078,5e05bb66350d4ee796da0188af707933,2022-12-08_18-32-28,1670535148,229.16216039657596,123952,arch,192.168.1.113,229.16216039657596,0,1,0.0052740573883056,0.1367172493607912,0.00301149295233061,7,21,0.7536283363480207,"/home/italo/ray_results/training_function_2022-12-08_15-54-51/training_function_cf1a0_00078_78_eta=0.1367,learning_rate=0.0030,max_depth=7,neurons_l1=21,weight_1=0.7536_2022-12-08_18-28-39"
79,0.3707043891017501,0.3900709219858155,222.41411662101743,True,False,,,1,cf1a0_00079,f32c9b9a616b41dcabab4e597c522853,2022-12-08_18-32-36,1670535156,222.41411662101743,123988,arch,192.168.1.113,222.41411662101743,0,1,0.0048038959503173,0.07882564690719408,0.00040471151881844543,4,8,0.6254469466755559,"/home/italo/ray_results/training_function_2022-12-08_15-54-51/training_function_cf1a0_00079_79_eta=0.0788,learning_rate=0.0004,max_depth=4,neurons_l1=8,weight_1=0.6254_2022-12-08_18-28-54"
80,0.3587490618228912,0.6487935656836462,224.83022212982175,True,False,,,1,cf1a0_00080,5e05bb66350d4ee796da0188af707933,2022-12-08_18-36-13,1670535373,224.83022212982175,123952,arch,192.168.1.113,224.83022212982175,0,1,0.0052740573883056,0.08921084470157427,0.00997102880703938,7,9,0.7151919475173111,"/home/italo/ray_results/training_function_2022-12-08_15-54-51/training_function_cf1a0_00080_80_eta=0.0892,learning_rate=0.0100,max_depth=7,neurons_l1=9,weight_1=0.7152_2022-12-08_18-32-28"
81,0.3858978071728268,0.0,222.2137107849121,True,False,,,1,cf1a0_00081,f32c9b9a616b41dcabab4e597c522853,2022-12-08_18-36-18,1670535378,222.2137107849121,123988,arch,192.168.1.113,222.2137107849121,0,1,0.0048038959503173,0.013577174291646104,0.0006952046400520844,3,16,0.6249238236781127,"/home/italo/ray_results/training_function_2022-12-08_15-54-51/training_function_cf1a0_00081_81_eta=0.0136,learning_rate=0.0007,max_depth=3,neurons_l1=16,weight_1=0.6249_2022-12-08_18-32-36"
82,0.3970223427624316,0.5552560646900271,226.08119297027588,True,False,,,1,cf1a0_00082,5e05bb66350d4ee796da0188af707933,2022-12-08_18-39-59,1670535599,226.08119297027588,123952,arch,192.168.1.113,226.08119297027588,0,1,0.0052740573883056,0.01218364242993865,0.0004793494835903893,9,16,0.6732873976050336,"/home/italo/ray_results/training_function_2022-12-08_15-54-51/training_function_cf1a0_00082_82_eta=0.0122,learning_rate=0.0005,max_depth=9,neurons_l1=16,weight_1=0.6733_2022-12-08_18-36-13"
83,0.381625874622448,0.028169014084507,224.2614870071411,True,False,,,1,cf1a0_00083,f32c9b9a616b41dcabab4e597c522853,2022-12-08_18-40-03,1670535603,224.2614870071411,123988,arch,192.168.1.113,224.2614870071411,0,1,0.0048038959503173,0.058861912239375556,0.0006870041214053525,4,14,0.6085819780248849,"/home/italo/ray_results/training_function_2022-12-08_15-54-51/training_function_cf1a0_00083_83_eta=0.0589,learning_rate=0.0007,max_depth=4,neurons_l1=14,weight_1=0.6086_2022-12-08_18-36-18"
84,0.3627210738691124,0.6574585635359116,229.1109755039215,True,False,,,1,cf1a0_00084,5e05bb66350d4ee796da0188af707933,2022-12-08_18-43-48,1670535828,229.1109755039215,123952,arch,192.168.1.113,229.1109755039215,0,1,0.0052740573883056,0.1322962350240672,0.0016137319848267275,9,15,0.7706560459575131,"/home/italo/ray_results/training_function_2022-12-08_15-54-51/training_function_cf1a0_00084_84_eta=0.1323,learning_rate=0.0016,max_depth=9,neurons_l1=15,weight_1=0.7707_2022-12-08_18-39-59"
85,0.4023727331612561,0.5413105413105413,227.37968111038208,True,False,,,1,cf1a0_00085,f32c9b9a616b41dcabab4e597c522853,2022-12-08_18-43-50,1670535830,227.37968111038208,123988,arch,192.168.1.113,227.37968111038208,0,1,0.0048038959503173,0.08614928174002903,0.00026622790928406174,9,16,0.6819511204752394,"/home/italo/ray_results/training_function_2022-12-08_15-54-51/training_function_cf1a0_00085_85_eta=0.0861,learning_rate=0.0003,max_depth=9,neurons_l1=16,weight_1=0.6820_2022-12-08_18-40-03"
86,0.3797872296056231,0.6481994459833795,225.88567662239075,True,False,,,1,cf1a0_00086,5e05bb66350d4ee796da0188af707933,2022-12-08_18-47-34,1670536054,225.88567662239075,123952,arch,192.168.1.113,225.88567662239075,0,1,0.0052740573883056,0.1708855558926279,0.0008200083918386619,6,10,0.851671445258271,"/home/italo/ray_results/training_function_2022-12-08_15-54-51/training_function_cf1a0_00086_86_eta=0.1709,learning_rate=0.0008,max_depth=6,neurons_l1=10,weight_1=0.8517_2022-12-08_18-43-48"
87,0.3847440714771683,0.6331360946745562,227.9671812057495,True,False,,,1,cf1a0_00087,f32c9b9a616b41dcabab4e597c522853,2022-12-08_18-47-38,1670536058,227.9671812057495,123988,arch,192.168.1.113,227.9671812057495,0,1,0.0048038959503173,0.0916625426907993,0.0002776369799082668,6,20,0.7858717493113856,"/home/italo/ray_results/training_function_2022-12-08_15-54-51/training_function_cf1a0_00087_87_eta=0.0917,learning_rate=0.0003,max_depth=6,neurons_l1=20,weight_1=0.7859_2022-12-08_18-43-50"
88,0.3873129015838777,0.5659340659340659,225.29901432991028,True,False,,,1,cf1a0_00088,5e05bb66350d4ee796da0188af707933,2022-12-08_18-51-19,1670536279,225.29901432991028,123952,arch,192.168.1.113,225.29901432991028,0,1,0.0052740573883056,0.13902623553632334,0.005852188245602733,6,8,0.9046557683546219,"/home/italo/ray_results/training_function_2022-12-08_15-54-51/training_function_cf1a0_00088_88_eta=0.1390,learning_rate=0.0059,max_depth=6,neurons_l1=8,weight_1=0.9047_2022-12-08_18-47-34"
89,0.3905108897267161,0.5608465608465609,225.70159077644348,True,False,,,1,cf1a0_00089,f32c9b9a616b41dcabab4e597c522853,2022-12-08_18-51-24,1670536284,225.70159077644348,123988,arch,192.168.1.113,225.70159077644348,0,1,0.0048038959503173,0.13110824112871208,0.0006986758147852018,5,15,0.6526441150721733,"/home/italo/ray_results/training_function_2022-12-08_15-54-51/training_function_cf1a0_00089_89_eta=0.1311,learning_rate=0.0007,max_depth=5,neurons_l1=15,weight_1=0.6526_2022-12-08_18-47-38"
90,0.3823801411970242,0.584958217270195,224.34053373336792,True,False,,,1,cf1a0_00090,5e05bb66350d4ee796da0188af707933,2022-12-08_18-55-04,1670536504,224.34053373336792,123952,arch,192.168.1.113,224.34053373336792,0,1,0.0052740573883056,0.09415158353203489,0.0038002446134139238,3,16,0.8831713949255497,"/home/italo/ray_results/training_function_2022-12-08_15-54-51/training_function_cf1a0_00090_90_eta=0.0942,learning_rate=0.0038,max_depth=3,neurons_l1=16,weight_1=0.8832_2022-12-08_18-51-19"
91,0.4042594750990739,0.1904761904761904,229.73201274871823,True,False,,,1,cf1a0_00091,f32c9b9a616b41dcabab4e597c522853,2022-12-08_18-55-14,1670536514,229.73201274871823,123988,arch,192.168.1.113,229.73201274871823,0,1,0.0048038959503173,0.03434224597704311,0.0001852255272168807,9,22,0.6843609542712837,"/home/italo/ray_results/training_function_2022-12-08_15-54-51/training_function_cf1a0_00091_91_eta=0.0343,learning_rate=0.0002,max_depth=9,neurons_l1=22,weight_1=0.6844_2022-12-08_18-51-24"
92,0.3786486302678649,0.6666666666666667,227.77152132987976,True,False,,,1,cf1a0_00092,5e05bb66350d4ee796da0188af707933,2022-12-08_18-58-51,1670536731,227.77152132987976,123952,arch,192.168.1.113,227.77152132987976,0,1,0.0052740573883056,0.03321938645039882,0.0029564001473340847,4,19,0.8622990519470606,"/home/italo/ray_results/training_function_2022-12-08_15-54-51/training_function_cf1a0_00092_92_eta=0.0332,learning_rate=0.0030,max_depth=4,neurons_l1=19,weight_1=0.8623_2022-12-08_18-55-04"
93,0.4585783022481042,0.5466237942122186,225.82238602638245,True,False,,,1,cf1a0_00093,f32c9b9a616b41dcabab4e597c522853,2022-12-08_18-59-00,1670536740,225.82238602638245,123988,arch,192.168.1.113,225.82238602638245,0,1,0.0048038959503173,0.14342992914523778,0.0001253693663830911,6,9,0.8855077728696454,"/home/italo/ray_results/training_function_2022-12-08_15-54-51/training_function_cf1a0_00093_93_eta=0.1434,learning_rate=0.0001,max_depth=6,neurons_l1=9,weight_1=0.8855_2022-12-08_18-55-14"
94,0.4163704184261528,0.6280487804878049,223.39653992652893,True,False,,,1,cf1a0_00094,5e05bb66350d4ee796da0188af707933,2022-12-08_19-02-35,1670536955,223.39653992652893,123952,arch,192.168.1.113,223.39653992652893,0,1,0.0052740573883056,0.15225896600993524,0.0002326612826878537,3,13,0.8756691081918568,"/home/italo/ray_results/training_function_2022-12-08_15-54-51/training_function_cf1a0_00094_94_eta=0.1523,learning_rate=0.0002,max_depth=3,neurons_l1=13,weight_1=0.8757_2022-12-08_18-58-51"
95,0.372977792008503,0.5800604229607251,224.59140396118164,True,False,,,1,cf1a0_00095,f32c9b9a616b41dcabab4e597c522853,2022-12-08_19-02-44,1670536964,224.59140396118164,123988,arch,192.168.1.113,224.59140396118164,0,1,0.0048038959503173,0.1364153071221395,0.00028901574981566306,5,10,0.7057250484201507,"/home/italo/ray_results/training_function_2022-12-08_15-54-51/training_function_cf1a0_00095_95_eta=0.1364,learning_rate=0.0003,max_depth=5,neurons_l1=10,weight_1=0.7057_2022-12-08_18-59-00"
96,0.3762632729233922,0.544943820224719,224.1962099075317,True,False,,,1,cf1a0_00096,5e05bb66350d4ee796da0188af707933,2022-12-08_19-06-19,1670537179,224.1962099075317,123952,arch,192.168.1.113,224.1962099075317,0,1,0.0052740573883056,0.029881798306089065,0.003326693288573571,3,10,0.8466000986570157,"/home/italo/ray_results/training_function_2022-12-08_15-54-51/training_function_cf1a0_00096_96_eta=0.0299,learning_rate=0.0033,max_depth=3,neurons_l1=10,weight_1=0.8466_2022-12-08_19-02-35"
97,0.3750374945434364,0.6721311475409837,228.56453275680545,True,False,,,1,cf1a0_00097,f32c9b9a616b41dcabab4e597c522853,2022-12-08_19-06-33,1670537193,228.56453275680545,123988,arch,192.168.1.113,228.56453275680545,0,1,0.0048038959503173,0.12297357805412355,0.0008335366364906608,7,18,0.8200163348694067,"/home/italo/ray_results/training_function_2022-12-08_15-54-51/training_function_cf1a0_00097_97_eta=0.1230,learning_rate=0.0008,max_depth=7,neurons_l1=18,weight_1=0.8200_2022-12-08_19-02-44"
98,0.3890274368427895,0.631868131868132,231.13262510299683,True,False,,,1,cf1a0_00098,5e05bb66350d4ee796da0188af707933,2022-12-08_19-10-10,1670537410,231.13262510299683,123952,arch,192.168.1.113,231.13262510299683,0,1,0.0052740573883056,0.11809079940410241,0.003354719234454458,8,24,0.908836201399777,"/home/italo/ray_results/training_function_2022-12-08_15-54-51/training_function_cf1a0_00098_98_eta=0.1181,learning_rate=0.0034,max_depth=8,neurons_l1=24,weight_1=0.9088_2022-12-08_19-06-19"
99,0.4086718172640414,0.6446280991735537,229.43082475662231,True,False,,,1,cf1a0_00099,f32c9b9a616b41dcabab4e597c522853,2022-12-08_19-10-22,1670537422,229.43082475662231,123988,arch,192.168.1.113,229.43082475662231,0,1,0.0048038959503173,0.032525737617144744,0.000795535403748753,6,20,0.9607961064622964,"/home/italo/ray_results/training_function_2022-12-08_15-54-51/training_function_cf1a0_00099_99_eta=0.0325,learning_rate=0.0008,max_depth=6,neurons_l1=20,weight_1=0.9608_2022-12-08_19-06-33"
100,0.403122398498896,0.655072463768116,226.10620284080505,True,False,,,1,cf1a0_00100,5e05bb66350d4ee796da0188af707933,2022-12-08_19-13-56,1670537636,226.10620284080505,123952,arch,192.168.1.113,226.10620284080505,0,1,0.0052740573883056,0.03641090547719337,0.0003513127484460615,5,13,0.8728594804711212,"/home/italo/ray_results/training_function_2022-12-08_15-54-51/training_function_cf1a0_00100_100_eta=0.0364,learning_rate=0.0004,max_depth=5,neurons_l1=13,weight_1=0.8729_2022-12-08_19-10-10"
101,0.3548879172350909,0.6330532212885155,226.69295716285703,True,False,,,1,cf1a0_00101,f32c9b9a616b41dcabab4e597c522853,2022-12-08_19-14-09,1670537649,226.69295716285703,123988,arch,192.168.1.113,226.69295716285703,0,1,0.0048038959503173,0.13439821913856054,0.0069784707929674075,3,19,0.7009583268562091,"/home/italo/ray_results/training_function_2022-12-08_15-54-51/training_function_cf1a0_00101_101_eta=0.1344,learning_rate=0.0070,max_depth=3,neurons_l1=19,weight_1=0.7010_2022-12-08_19-10-22"
102,0.4183384143822902,0.5896656534954408,224.90549445152283,True,False,,,1,cf1a0_00102,5e05bb66350d4ee796da0188af707933,2022-12-08_19-17-41,1670537861,224.90549445152283,123952,arch,192.168.1.113,224.90549445152283,0,1,0.0052740573883056,0.030488405680534413,0.00010508075335699674,5,16,0.8023676611014225,"/home/italo/ray_results/training_function_2022-12-08_15-54-51/training_function_cf1a0_00102_102_eta=0.0305,learning_rate=0.0001,max_depth=5,neurons_l1=16,weight_1=0.8024_2022-12-08_19-13-56"
103,0.3952242808567511,0.6464088397790055,223.95647048950195,True,False,,,1,cf1a0_00103,f32c9b9a616b41dcabab4e597c522853,2022-12-08_19-17-53,1670537873,223.95647048950195,123988,arch,192.168.1.113,223.95647048950195,0,1,0.0048038959503173,0.011348068940162829,0.0058659340311316395,6,8,0.9223894107733229,"/home/italo/ray_results/training_function_2022-12-08_15-54-51/training_function_cf1a0_00103_103_eta=0.0113,learning_rate=0.0059,max_depth=6,neurons_l1=8,weight_1=0.9224_2022-12-08_19-14-09"
104,0.3669529782759176,0.6684350132625995,234.08034133911133,True,False,,,1,cf1a0_00104,5e05bb66350d4ee796da0188af707933,2022-12-08_19-21-35,1670538095,234.08034133911133,123952,arch,192.168.1.113,234.08034133911133,0,1,0.0052740573883056,0.1027072752628781,0.0010689028725306261,9,25,0.7930730423163583,"/home/italo/ray_results/training_function_2022-12-08_15-54-51/training_function_cf1a0_00104_104_eta=0.1027,learning_rate=0.0011,max_depth=9,neurons_l1=25,weight_1=0.7931_2022-12-08_19-17-41"
105,0.4169642288942595,0.611764705882353,232.3805661201477,True,False,,,1,cf1a0_00105,f32c9b9a616b41dcabab4e597c522853,2022-12-08_19-21-45,1670538105,232.3805661201477,123988,arch,192.168.1.113,232.3805661201477,0,1,0.0048038959503173,0.18881426481501118,0.00012097260403406317,9,23,0.8292496706540335,"/home/italo/ray_results/training_function_2022-12-08_15-54-51/training_function_cf1a0_00105_105_eta=0.1888,learning_rate=0.0001,max_depth=9,neurons_l1=23,weight_1=0.8292_2022-12-08_19-17-53"
106,0.3862573689705617,0.099099099099099,226.67514204978943,True,False,,,1,cf1a0_00106,5e05bb66350d4ee796da0188af707933,2022-12-08_19-25-22,1670538322,226.67514204978943,123952,arch,192.168.1.113,226.67514204978943,0,1,0.0052740573883056,0.12139358375379336,0.0002668590230333957,6,13,0.6262451521746336,"/home/italo/ray_results/training_function_2022-12-08_15-54-51/training_function_cf1a0_00106_106_eta=0.1214,learning_rate=0.0003,max_depth=6,neurons_l1=13,weight_1=0.6262_2022-12-08_19-21-35"
107,0.3615446014178766,0.6666666666666669,228.6628053188324,True,False,,,1,cf1a0_00107,f32c9b9a616b41dcabab4e597c522853,2022-12-08_19-25-34,1670538334,228.6628053188324,123988,arch,192.168.1.113,228.6628053188324,0,1,0.0048038959503173,0.19345252978539831,0.001057778601958555,7,17,0.72490982956927,"/home/italo/ray_results/training_function_2022-12-08_15-54-51/training_function_cf1a0_00107_107_eta=0.1935,learning_rate=0.0011,max_depth=7,neurons_l1=17,weight_1=0.7249_2022-12-08_19-21-45"
108,0.3542920709461779,0.622478386167147,232.8818817138672,True,False,,,1,cf1a0_00108,5e05bb66350d4ee796da0188af707933,2022-12-08_19-29-15,1670538555,232.8818817138672,123952,arch,192.168.1.113,232.8818817138672,0,1,0.0052740573883056,0.0470755690297824,0.0016158590870719068,9,27,0.6499956755203645,"/home/italo/ray_results/training_function_2022-12-08_15-54-51/training_function_cf1a0_00108_108_eta=0.0471,learning_rate=0.0016,max_depth=9,neurons_l1=27,weight_1=0.6500_2022-12-08_19-25-22"
109,0.3881911840793249,0.4876543209876542,227.11342000961304,True,False,,,1,cf1a0_00109,f32c9b9a616b41dcabab4e597c522853,2022-12-08_19-29-21,1670538561,227.11342000961304,123988,arch,192.168.1.113,227.11342000961304,0,1,0.0048038959503173,0.13070319252707913,0.002583472083291375,6,16,0.6454274483910221,"/home/italo/ray_results/training_function_2022-12-08_15-54-51/training_function_cf1a0_00109_109_eta=0.1307,learning_rate=0.0026,max_depth=6,neurons_l1=16,weight_1=0.6454_2022-12-08_19-25-34"
110,0.4328655886488992,0.6235955056179775,231.1775288581848,True,False,,,1,cf1a0_00110,5e05bb66350d4ee796da0188af707933,2022-12-08_19-33-06,1670538786,231.1775288581848,123952,arch,192.168.1.113,231.1775288581848,0,1,0.0052740573883056,0.10744380329681653,0.0003119531890775588,8,26,0.9700304251981857,"/home/italo/ray_results/training_function_2022-12-08_15-54-51/training_function_cf1a0_00110_110_eta=0.1074,learning_rate=0.0003,max_depth=8,neurons_l1=26,weight_1=0.9700_2022-12-08_19-29-15"
111,0.3846679857453784,0.485981308411215,228.0843014717102,True,False,,,1,cf1a0_00111,f32c9b9a616b41dcabab4e597c522853,2022-12-08_19-33-09,1670538789,228.0843014717102,123988,arch,192.168.1.113,228.0843014717102,0,1,0.0048038959503173,0.021820176808754557,0.00018267383887958418,9,13,0.6495986261116318,"/home/italo/ray_results/training_function_2022-12-08_15-54-51/training_function_cf1a0_00111_111_eta=0.0218,learning_rate=0.0002,max_depth=9,neurons_l1=13,weight_1=0.6496_2022-12-08_19-29-21"
112,0.3524210598017718,0.6539509536784742,226.4757044315338,True,False,,,1,cf1a0_00112,5e05bb66350d4ee796da0188af707933,2022-12-08_19-36-53,1670539013,226.4757044315338,123952,arch,192.168.1.113,226.4757044315338,0,1,0.0052740573883056,0.014957564145240427,0.005559737939173999,8,8,0.6710202375224968,"/home/italo/ray_results/training_function_2022-12-08_15-54-51/training_function_cf1a0_00112_112_eta=0.0150,learning_rate=0.0056,max_depth=8,neurons_l1=8,weight_1=0.6710_2022-12-08_19-33-06"
113,0.4119896614873731,0.4746835443037975,229.0934135913849,True,False,,,1,cf1a0_00113,f32c9b9a616b41dcabab4e597c522853,2022-12-08_19-36-58,1670539018,229.0934135913849,123988,arch,192.168.1.113,229.0934135913849,0,1,0.0048038959503173,0.016095321454995797,0.00010730176818224775,5,25,0.7931573678024585,"/home/italo/ray_results/training_function_2022-12-08_15-54-51/training_function_cf1a0_00113_113_eta=0.0161,learning_rate=0.0001,max_depth=5,neurons_l1=25,weight_1=0.7932_2022-12-08_19-33-09"
114,0.3710161262267344,0.607242339832869,228.35248374938965,True,False,,,1,cf1a0_00114,5e05bb66350d4ee796da0188af707933,2022-12-08_19-40-41,1670539241,228.35248374938965,123952,arch,192.168.1.113,228.35248374938965,0,1,0.0052740573883056,0.04256994454568789,0.009543827865043443,9,11,0.8435473152360184,"/home/italo/ray_results/training_function_2022-12-08_15-54-51/training_function_cf1a0_00114_114_eta=0.0426,learning_rate=0.0095,max_depth=9,neurons_l1=11,weight_1=0.8435_2022-12-08_19-36-53"
115,0.3735351949124723,0.6342857142857143,226.8039937019348,True,False,,,1,cf1a0_00115,f32c9b9a616b41dcabab4e597c522853,2022-12-08_19-40-45,1670539245,226.8039937019348,123988,arch,192.168.1.113,226.8039937019348,0,1,0.0048038959503173,0.17899292611691567,0.00034838503024910475,5,18,0.749805748920991,"/home/italo/ray_results/training_function_2022-12-08_15-54-51/training_function_cf1a0_00115_115_eta=0.1790,learning_rate=0.0003,max_depth=5,neurons_l1=18,weight_1=0.7498_2022-12-08_19-36-59"
116,0.4514347926990406,0.6453488372093023,226.443781375885,True,False,,,1,cf1a0_00116,5e05bb66350d4ee796da0188af707933,2022-12-08_19-44-28,1670539468,226.443781375885,123952,arch,192.168.1.113,226.443781375885,0,1,0.0052740573883056,0.05594558152503134,0.0003406060688075209,8,12,0.9750584597442151,"/home/italo/ray_results/training_function_2022-12-08_15-54-51/training_function_cf1a0_00116_116_eta=0.0559,learning_rate=0.0003,max_depth=8,neurons_l1=12,weight_1=0.9751_2022-12-08_19-40-41"
117,0.3954225903427278,0.0372093023255813,224.4010260105133,True,False,,,1,cf1a0_00117,f32c9b9a616b41dcabab4e597c522853,2022-12-08_19-44-30,1670539470,224.4010260105133,123988,arch,192.168.1.113,224.4010260105133,0,1,0.0048038959503173,0.026635746233987477,0.00039276027151218147,6,8,0.65764918425722,"/home/italo/ray_results/training_function_2022-12-08_15-54-51/training_function_cf1a0_00117_117_eta=0.0266,learning_rate=0.0004,max_depth=6,neurons_l1=8,weight_1=0.6576_2022-12-08_19-40-45"
118,0.3806278931128012,0.633879781420765,229.96399664878845,True,False,,,1,cf1a0_00118,5e05bb66350d4ee796da0188af707933,2022-12-08_19-48-18,1670539698,229.96399664878845,123952,arch,192.168.1.113,229.96399664878845,0,1,0.0052740573883056,0.029926386753199245,0.0013946010563095088,7,19,0.8697892676896664,"/home/italo/ray_results/training_function_2022-12-08_15-54-51/training_function_cf1a0_00118_118_eta=0.0299,learning_rate=0.0014,max_depth=7,neurons_l1=19,weight_1=0.8698_2022-12-08_19-44-28"
119,0.4032869939063046,0.6166666666666667,226.12027645111084,True,False,,,1,cf1a0_00119,f32c9b9a616b41dcabab4e597c522853,2022-12-08_19-48-16,1670539696,226.12027645111084,123988,arch,192.168.1.113,226.12027645111084,0,1,0.0048038959503173,0.017950865416655703,0.0028017524435209303,4,10,0.9549792041728262,"/home/italo/ray_results/training_function_2022-12-08_15-54-51/training_function_cf1a0_00119_119_eta=0.0180,learning_rate=0.0028,max_depth=4,neurons_l1=10,weight_1=0.9550_2022-12-08_19-44-30"
120,0.385787126583022,0.6217008797653959,223.7529375553131,True,False,,,1,cf1a0_00120,f32c9b9a616b41dcabab4e597c522853,2022-12-08_19-52-00,1670539920,223.7529375553131,123988,arch,192.168.1.113,223.7529375553131,0,1,0.0048038959503173,0.09051058443465798,0.0006162654026673199,4,8,0.8484948909767298,"/home/italo/ray_results/training_function_2022-12-08_15-54-51/training_function_cf1a0_00120_120_eta=0.0905,learning_rate=0.0006,max_depth=4,neurons_l1=8,weight_1=0.8485_2022-12-08_19-48-16"
121,0.3941211925970541,0.7025641025641025,230.6100437641144,True,False,,,1,cf1a0_00121,5e05bb66350d4ee796da0188af707933,2022-12-08_19-52-08,1670539928,230.6100437641144,123952,arch,192.168.1.113,230.6100437641144,0,1,0.0052740573883056,0.04055823672042444,0.00555878883311527,4,27,0.914567573944248,"/home/italo/ray_results/training_function_2022-12-08_15-54-51/training_function_cf1a0_00121_121_eta=0.0406,learning_rate=0.0056,max_depth=4,neurons_l1=27,weight_1=0.9146_2022-12-08_19-48-18"
122,0.3885329816792462,0.6131805157593124,232.96678256988525,True,False,,,1,cf1a0_00122,f32c9b9a616b41dcabab4e597c522853,2022-12-08_19-55-53,1670540153,232.96678256988525,123988,arch,192.168.1.113,232.96678256988525,0,1,0.0048038959503173,0.05680210745295067,0.0006358013800459333,8,27,0.8827628043646568,"/home/italo/ray_results/training_function_2022-12-08_15-54-51/training_function_cf1a0_00122_122_eta=0.0568,learning_rate=0.0006,max_depth=8,neurons_l1=27,weight_1=0.8828_2022-12-08_19-52-00"
123,0.3861220764952737,0.0862068965517241,228.08943629264832,True,False,,,1,cf1a0_00123,5e05bb66350d4ee796da0188af707933,2022-12-08_19-55-57,1670540157,228.08943629264832,123952,arch,192.168.1.113,228.08943629264832,0,1,0.0052740573883056,0.10833160650012544,0.00043580217491524673,6,11,0.6257510394972876,"/home/italo/ray_results/training_function_2022-12-08_15-54-51/training_function_cf1a0_00123_123_eta=0.1083,learning_rate=0.0004,max_depth=6,neurons_l1=11,weight_1=0.6258_2022-12-08_19-52-08"
124,0.4090035521500819,0.5824175824175825,231.2831380367279,True,False,,,1,cf1a0_00124,f32c9b9a616b41dcabab4e597c522853,2022-12-08_19-59-44,1670540384,231.2831380367279,123988,arch,192.168.1.113,231.2831380367279,0,1,0.0048038959503173,0.022673412380394,0.0014311610819597803,8,21,0.9694662049181055,"/home/italo/ray_results/training_function_2022-12-08_15-54-51/training_function_cf1a0_00124_124_eta=0.0227,learning_rate=0.0014,max_depth=8,neurons_l1=21,weight_1=0.9695_2022-12-08_19-55-53"
125,0.3976703249924891,0.6826666666666666,232.4148416519165,True,False,,,1,cf1a0_00125,5e05bb66350d4ee796da0188af707933,2022-12-08_19-59-49,1670540389,232.4148416519165,123952,arch,192.168.1.113,232.4148416519165,0,1,0.0052740573883056,0.026908055746852705,0.006634128292191814,8,26,0.9282351414478411,"/home/italo/ray_results/training_function_2022-12-08_15-54-51/training_function_cf1a0_00125_125_eta=0.0269,learning_rate=0.0066,max_depth=8,neurons_l1=26,weight_1=0.9282_2022-12-08_19-55-57"
126,0.3652876953820924,0.6397694524495677,230.76131677627563,True,False,,,1,cf1a0_00126,f32c9b9a616b41dcabab4e597c522853,2022-12-08_20-03-35,1670540615,230.76131677627563,123988,arch,192.168.1.113,230.76131677627563,0,1,0.0048038959503173,0.019512773283745188,0.0005252596338608065,7,23,0.7277792384463435,"/home/italo/ray_results/training_function_2022-12-08_15-54-51/training_function_cf1a0_00126_126_eta=0.0195,learning_rate=0.0005,max_depth=7,neurons_l1=23,weight_1=0.7278_2022-12-08_19-59-44"
127,0.3698996816937988,0.6738544474393531,232.98050212860107,True,False,,,1,cf1a0_00127,5e05bb66350d4ee796da0188af707933,2022-12-08_20-03-42,1670540622,232.98050212860107,123952,arch,192.168.1.113,232.98050212860107,0,1,0.0052740573883056,0.07135143255039651,0.0010318096995084068,9,23,0.8078478414253263,"/home/italo/ray_results/training_function_2022-12-08_15-54-51/training_function_cf1a0_00127_127_eta=0.0714,learning_rate=0.0010,max_depth=9,neurons_l1=23,weight_1=0.8078_2022-12-08_19-59-49"
128,0.3653828441291242,0.5823529411764706,229.42601418495175,True,False,,,1,cf1a0_00128,f32c9b9a616b41dcabab4e597c522853,2022-12-08_20-07-24,1670540844,229.42601418495175,123988,arch,192.168.1.113,229.42601418495175,0,1,0.0048038959503173,0.055256549847202345,0.002112844559912735,6,19,0.7636731703432867,"/home/italo/ray_results/training_function_2022-12-08_15-54-51/training_function_cf1a0_00128_128_eta=0.0553,learning_rate=0.0021,max_depth=6,neurons_l1=19,weight_1=0.7637_2022-12-08_20-03-35"
129,0.3764324659431303,0.6720430107526881,230.0752758979797,True,False,,,1,cf1a0_00129,5e05bb66350d4ee796da0188af707933,2022-12-08_20-07-32,1670540852,230.0752758979797,123952,arch,192.168.1.113,230.0752758979797,0,1,0.0052740573883056,0.020379275188048104,0.0019436901488005009,5,22,0.8594052017315637,"/home/italo/ray_results/training_function_2022-12-08_15-54-51/training_function_cf1a0_00129_129_eta=0.0204,learning_rate=0.0019,max_depth=5,neurons_l1=22,weight_1=0.8594_2022-12-08_20-03-42"
130,0.3897928108234663,0.631268436578171,228.6425149440765,True,False,,,1,cf1a0_00130,f32c9b9a616b41dcabab4e597c522853,2022-12-08_20-11-13,1670541073,228.6425149440765,123988,arch,192.168.1.113,228.6425149440765,0,1,0.0048038959503173,0.027670113286883055,0.0002604791276053006,9,14,0.7898261258452295,"/home/italo/ray_results/training_function_2022-12-08_15-54-51/training_function_cf1a0_00130_130_eta=0.0277,learning_rate=0.0003,max_depth=9,neurons_l1=14,weight_1=0.7898_2022-12-08_20-07-24"
131,0.3978353746839472,0.5287356321839081,232.28166818618772,True,False,,,1,cf1a0_00131,5e05bb66350d4ee796da0188af707933,2022-12-08_20-11-25,1670541085,232.28166818618772,123952,arch,192.168.1.113,232.28166818618772,0,1,0.0052740573883056,0.056279153426399046,0.001643127266721121,7,25,0.6798356186982035,"/home/italo/ray_results/training_function_2022-12-08_15-54-51/training_function_cf1a0_00131_131_eta=0.0563,learning_rate=0.0016,max_depth=7,neurons_l1=25,weight_1=0.6798_2022-12-08_20-07-32"
132,0.4142199488910469,0.6843657817109144,230.3483943939209,True,False,,,1,cf1a0_00132,f32c9b9a616b41dcabab4e597c522853,2022-12-08_20-15-03,1670541303,230.3483943939209,123988,arch,192.168.1.113,230.3483943939209,0,1,0.0048038959503173,0.045867682859730176,0.0002569316981630481,9,17,0.8861083789195731,"/home/italo/ray_results/training_function_2022-12-08_15-54-51/training_function_cf1a0_00132_132_eta=0.0459,learning_rate=0.0003,max_depth=9,neurons_l1=17,weight_1=0.8861_2022-12-08_20-11-13"
133,0.3805595080594758,0.6552706552706552,228.41464686393735,True,False,,,1,cf1a0_00133,5e05bb66350d4ee796da0188af707933,2022-12-08_20-15-13,1670541313,228.41464686393735,123952,arch,192.168.1.113,228.41464686393735,0,1,0.0052740573883056,0.13580080823435495,0.000810477543079491,4,21,0.857153034628123,"/home/italo/ray_results/training_function_2022-12-08_15-54-51/training_function_cf1a0_00133_133_eta=0.1358,learning_rate=0.0008,max_depth=4,neurons_l1=21,weight_1=0.8572_2022-12-08_20-11-25"
134,0.4125852242514893,0.6057142857142856,226.33316206932068,True,False,,,1,cf1a0_00134,f32c9b9a616b41dcabab4e597c522853,2022-12-08_20-18-50,1670541530,226.33316206932068,123988,arch,192.168.1.113,226.33316206932068,0,1,0.0048038959503173,0.05581692781732922,0.0008691655100440014,3,17,0.9724751465331349,"/home/italo/ray_results/training_function_2022-12-08_15-54-51/training_function_cf1a0_00134_134_eta=0.0558,learning_rate=0.0009,max_depth=3,neurons_l1=17,weight_1=0.9725_2022-12-08_20-15-03"
135,0.3929627682711627,0.6285714285714286,229.22731757164,True,False,,,1,cf1a0_00135,5e05bb66350d4ee796da0188af707933,2022-12-08_20-19-02,1670541542,229.22731757164,123952,arch,192.168.1.113,229.22731757164,0,1,0.0052740573883056,0.04592046774280677,0.0005240093755802802,6,19,0.887537821862068,"/home/italo/ray_results/training_function_2022-12-08_15-54-51/training_function_cf1a0_00135_135_eta=0.0459,learning_rate=0.0005,max_depth=6,neurons_l1=19,weight_1=0.8875_2022-12-08_20-15-13"
136,0.3947227552935883,0.3848580441640378,229.71171069145203,True,False,,,1,cf1a0_00136,f32c9b9a616b41dcabab4e597c522853,2022-12-08_20-22-39,1670541759,229.71171069145203,123988,arch,192.168.1.113,229.71171069145203,0,1,0.0048038959503173,0.09658944127337264,0.0044989571041817574,9,12,0.6693727434939777,"/home/italo/ray_results/training_function_2022-12-08_15-54-51/training_function_cf1a0_00136_136_eta=0.0966,learning_rate=0.0045,max_depth=9,neurons_l1=12,weight_1=0.6694_2022-12-08_20-18-50"
137,0.3844431767592559,0.6520547945205479,229.3912501335144,True,False,,,1,cf1a0_00137,5e05bb66350d4ee796da0188af707933,2022-12-08_20-22-52,1670541772,229.3912501335144,123952,arch,192.168.1.113,229.3912501335144,0,1,0.0052740573883056,0.12026636317090765,0.0009348393612665838,5,20,0.8847700169461794,"/home/italo/ray_results/training_function_2022-12-08_15-54-51/training_function_cf1a0_00137_137_eta=0.1203,learning_rate=0.0009,max_depth=5,neurons_l1=20,weight_1=0.8848_2022-12-08_20-19-02"
138,0.4053474555949907,0.6627218934911243,225.30781531333923,True,False,,,1,cf1a0_00138,f32c9b9a616b41dcabab4e597c522853,2022-12-08_20-26-25,1670541985,225.30781531333923,123988,arch,192.168.1.113,225.30781531333923,0,1,0.0048038959503173,0.09378834576061398,0.00023072539313778785,3,14,0.8312577425923775,"/home/italo/ray_results/training_function_2022-12-08_15-54-51/training_function_cf1a0_00138_138_eta=0.0938,learning_rate=0.0002,max_depth=3,neurons_l1=14,weight_1=0.8313_2022-12-08_20-22-39"
139,0.3451047741078041,0.6483516483516483,229.9217140674591,True,False,,,1,cf1a0_00139,5e05bb66350d4ee796da0188af707933,2022-12-08_20-26-42,1670542002,229.9217140674591,123952,arch,192.168.1.113,229.9217140674591,0,1,0.0052740573883056,0.01167404764198511,0.008259932069402282,7,21,0.6305856533239454,"/home/italo/ray_results/training_function_2022-12-08_15-54-51/training_function_cf1a0_00139_139_eta=0.0117,learning_rate=0.0083,max_depth=7,neurons_l1=21,weight_1=0.6306_2022-12-08_20-22-52"
140,0.3823064670369431,0.0964912280701754,227.74599242210388,True,False,,,1,cf1a0_00140,f32c9b9a616b41dcabab4e597c522853,2022-12-08_20-30-13,1670542213,227.74599242210388,123988,arch,192.168.1.113,227.74599242210388,0,1,0.0048038959503173,0.14939394217186025,0.003916948180348159,8,16,0.6112619953366234,"/home/italo/ray_results/training_function_2022-12-08_15-54-51/training_function_cf1a0_00140_140_eta=0.1494,learning_rate=0.0039,max_depth=8,neurons_l1=16,weight_1=0.6113_2022-12-08_20-26-25"
141,0.3763382491227743,0.6226912928759895,229.794237613678,True,False,,,1,cf1a0_00141,5e05bb66350d4ee796da0188af707933,2022-12-08_20-30-32,1670542232,229.794237613678,123952,arch,192.168.1.113,229.794237613678,0,1,0.0052740573883056,0.1899085266203046,0.008100327179049066,9,11,0.8669420191960147,"/home/italo/ray_results/training_function_2022-12-08_15-54-51/training_function_cf1a0_00141_141_eta=0.1899,learning_rate=0.0081,max_depth=9,neurons_l1=11,weight_1=0.8669_2022-12-08_20-26-42"
142,0.3680499522267161,0.6595744680851063,226.58543610572812,True,False,,,1,cf1a0_00142,f32c9b9a616b41dcabab4e597c522853,2022-12-08_20-33-59,1670542439,226.58543610572812,123988,arch,192.168.1.113,226.58543610572812,0,1,0.0048038959503173,0.01374960102343462,0.003891533703971136,3,15,0.8131722529661833,"/home/italo/ray_results/training_function_2022-12-08_15-54-51/training_function_cf1a0_00142_142_eta=0.0137,learning_rate=0.0039,max_depth=3,neurons_l1=15,weight_1=0.8132_2022-12-08_20-30-13"
143,0.3671427703387028,0.6404833836858005,229.5008044242859,True,False,,,1,cf1a0_00143,5e05bb66350d4ee796da0188af707933,2022-12-08_20-34-21,1670542461,229.5008044242859,123952,arch,192.168.1.113,229.5008044242859,0,1,0.0052740573883056,0.12427932248321016,0.0003091982223789327,8,24,0.6903524550412801,"/home/italo/ray_results/training_function_2022-12-08_15-54-51/training_function_cf1a0_00143_143_eta=0.1243,learning_rate=0.0003,max_depth=8,neurons_l1=24,weight_1=0.6904_2022-12-08_20-30-32"
144,0.3811536403121175,0.027906976744186,225.62216806411743,True,False,,,1,cf1a0_00144,f32c9b9a616b41dcabab4e597c522853,2022-12-08_20-37-45,1670542665,225.62216806411743,123988,arch,192.168.1.113,225.62216806411743,0,1,0.0048038959503173,0.03973339336374857,0.0003528745200676875,8,8,0.6067047651517791,"/home/italo/ray_results/training_function_2022-12-08_15-54-51/training_function_cf1a0_00144_144_eta=0.0397,learning_rate=0.0004,max_depth=8,neurons_l1=8,weight_1=0.6067_2022-12-08_20-33-59"
145,0.3869344793461464,0.0982142857142857,225.8701357841492,True,False,,,1,cf1a0_00145,5e05bb66350d4ee796da0188af707933,2022-12-08_20-38-07,1670542687,225.8701357841492,123952,arch,192.168.1.113,225.8701357841492,0,1,0.0052740573883056,0.12602283519832547,0.0022449959279123846,3,24,0.6305377028665943,"/home/italo/ray_results/training_function_2022-12-08_15-54-51/training_function_cf1a0_00145_145_eta=0.1260,learning_rate=0.0022,max_depth=3,neurons_l1=24,weight_1=0.6305_2022-12-08_20-34-21"
146,0.3643347661237459,0.6219839142091153,226.53525495529172,True,False,,,1,cf1a0_00146,f32c9b9a616b41dcabab4e597c522853,2022-12-08_20-41-31,1670542891,226.53525495529172,123988,arch,192.168.1.113,226.53525495529172,0,1,0.0048038959503173,0.017229440754210065,0.0035979831555038957,4,16,0.7820343134056535,"/home/italo/ray_results/training_function_2022-12-08_15-54-51/training_function_cf1a0_00146_146_eta=0.0172,learning_rate=0.0036,max_depth=4,neurons_l1=16,weight_1=0.7820_2022-12-08_20-37-45"
147,0.4113889002316707,0.6626865671641792,227.4923779964447,True,False,,,1,cf1a0_00147,5e05bb66350d4ee796da0188af707933,2022-12-08_20-41-54,1670542914,227.4923779964447,123952,arch,192.168.1.113,227.4923779964447,0,1,0.0052740573883056,0.031334300255173295,0.00026348964991670227,8,11,0.8769796458612347,"/home/italo/ray_results/training_function_2022-12-08_15-54-51/training_function_cf1a0_00147_147_eta=0.0313,learning_rate=0.0003,max_depth=8,neurons_l1=11,weight_1=0.8770_2022-12-08_20-38-07"
148,0.3701964129467268,0.6510263929618769,229.40000462532043,True,False,,,1,cf1a0_00148,f32c9b9a616b41dcabab4e597c522853,2022-12-08_20-45-21,1670543121,229.40000462532043,123988,arch,192.168.1.113,229.40000462532043,0,1,0.0048038959503173,0.09817475713506411,0.0005621947593030094,5,21,0.7664293338981791,"/home/italo/ray_results/training_function_2022-12-08_15-54-51/training_function_cf1a0_00148_148_eta=0.0982,learning_rate=0.0006,max_depth=5,neurons_l1=21,weight_1=0.7664_2022-12-08_20-41-31"
149,0.4381168569261963,0.6253687315634219,226.7233943939209,True,False,,,1,cf1a0_00149,5e05bb66350d4ee796da0188af707933,2022-12-08_20-45-41,1670543141,226.7233943939209,123952,arch,192.168.1.113,226.7233943939209,0,1,0.0052740573883056,0.13861289516909167,0.0003547647504986743,4,15,0.9696320920976016,"/home/italo/ray_results/training_function_2022-12-08_15-54-51/training_function_cf1a0_00149_149_eta=0.1386,learning_rate=0.0004,max_depth=4,neurons_l1=15,weight_1=0.9696_2022-12-08_20-41-54"
150,0.3474422810045448,0.5902578796561605,227.69735598564148,True,False,,,1,cf1a0_00150,f32c9b9a616b41dcabab4e597c522853,2022-12-08_20-49-09,1670543349,227.69735598564148,123988,arch,192.168.1.113,227.69735598564148,0,1,0.0048038959503173,0.13850629934575745,0.008709834852994348,7,9,0.9921990256848843,"/home/italo/ray_results/training_function_2022-12-08_15-54-51/training_function_cf1a0_00150_150_eta=0.1385,learning_rate=0.0087,max_depth=7,neurons_l1=9,weight_1=0.9922_2022-12-08_20-45-21"
151,0.389791573221619,0.6614173228346457,228.9307944774628,True,False,,,1,cf1a0_00151,5e05bb66350d4ee796da0188af707933,2022-12-08_20-49-30,1670543370,228.9307944774628,123952,arch,192.168.1.113,228.9307944774628,0,1,0.0052740573883056,0.019490934630922323,0.0019953043906558252,5,15,0.90734980129022,"/home/italo/ray_results/training_function_2022-12-08_15-54-51/training_function_cf1a0_00151_151_eta=0.0195,learning_rate=0.0020,max_depth=5,neurons_l1=15,weight_1=0.9073_2022-12-08_20-45-41"
152,0.3639012236852904,0.6348314606741574,229.562495470047,True,False,,,1,cf1a0_00152,f32c9b9a616b41dcabab4e597c522853,2022-12-08_20-52-58,1670543578,229.562495470047,123988,arch,192.168.1.113,229.562495470047,0,1,0.0048038959503173,0.029187947031875414,0.002931367307980589,9,14,0.7627426537673562,"/home/italo/ray_results/training_function_2022-12-08_15-54-51/training_function_cf1a0_00152_152_eta=0.0292,learning_rate=0.0029,max_depth=9,neurons_l1=14,weight_1=0.7627_2022-12-08_20-49-09"
153,0.3815143817179912,0.0704845814977973,228.6537652015686,True,False,,,1,cf1a0_00153,5e05bb66350d4ee796da0188af707933,2022-12-08_20-53-19,1670543599,228.6537652015686,123952,arch,192.168.1.113,228.6537652015686,0,1,0.0052740573883056,0.02082564660337876,0.0005723760469294683,8,17,0.6081402159147913,"/home/italo/ray_results/training_function_2022-12-08_15-54-51/training_function_cf1a0_00153_153_eta=0.0208,learning_rate=0.0006,max_depth=8,neurons_l1=17,weight_1=0.6081_2022-12-08_20-49-30"
154,0.3865117809256991,0.028169014084507,224.6418900489807,True,False,,,1,cf1a0_00154,f32c9b9a616b41dcabab4e597c522853,2022-12-08_20-56-43,1670543803,224.6418900489807,123988,arch,192.168.1.113,224.6418900489807,0,1,0.0048038959503173,0.08200615603712583,0.002029824932215081,4,12,0.6271822583059878,"/home/italo/ray_results/training_function_2022-12-08_15-54-51/training_function_cf1a0_00154_154_eta=0.0820,learning_rate=0.0020,max_depth=4,neurons_l1=12,weight_1=0.6272_2022-12-08_20-52-58"
155,0.3827410803453342,0.5625,227.93329572677607,True,False,,,1,cf1a0_00155,5e05bb66350d4ee796da0188af707933,2022-12-08_20-57-07,1670543827,227.93329572677607,123952,arch,192.168.1.113,227.93329572677607,0,1,0.0052740573883056,0.10233793980377139,0.009536483531724918,8,16,0.9001909383191098,"/home/italo/ray_results/training_function_2022-12-08_15-54-51/training_function_cf1a0_00155_155_eta=0.1023,learning_rate=0.0095,max_depth=8,neurons_l1=16,weight_1=0.9002_2022-12-08_20-53-19"
156,0.3693751898166296,0.6438746438746439,228.3419609069824,True,False,,,1,cf1a0_00156,f32c9b9a616b41dcabab4e597c522853,2022-12-08_21-00-31,1670544031,228.3419609069824,123988,arch,192.168.1.113,228.3419609069824,0,1,0.0048038959503173,0.015894751536822793,0.0004908741967139089,5,18,0.7642989997944495,"/home/italo/ray_results/training_function_2022-12-08_15-54-51/training_function_cf1a0_00156_156_eta=0.0159,learning_rate=0.0005,max_depth=5,neurons_l1=18,weight_1=0.7643_2022-12-08_20-56-43"
157,0.3792875650766733,0.6599496221662469,228.28734636306763,True,False,,,1,cf1a0_00157,5e05bb66350d4ee796da0188af707933,2022-12-08_21-00-55,1670544055,228.28734636306763,123952,arch,192.168.1.113,228.28734636306763,0,1,0.0052740573883056,0.09770715853619395,0.001999501541028261,3,23,0.8710150776434842,"/home/italo/ray_results/training_function_2022-12-08_15-54-51/training_function_cf1a0_00157_157_eta=0.0977,learning_rate=0.0020,max_depth=3,neurons_l1=23,weight_1=0.8710_2022-12-08_20-57-07"
158,0.3678952612586924,0.6086956521739131,226.6782653331757,True,False,,,1,cf1a0_00158,f32c9b9a616b41dcabab4e597c522853,2022-12-08_21-04-18,1670544258,226.6782653331757,123988,arch,192.168.1.113,226.6782653331757,0,1,0.0048038959503173,0.012772776644795293,0.0008878467351028416,8,12,0.7635678954227367,"/home/italo/ray_results/training_function_2022-12-08_15-54-51/training_function_cf1a0_00158_158_eta=0.0128,learning_rate=0.0009,max_depth=8,neurons_l1=12,weight_1=0.7636_2022-12-08_21-00-31"
159,0.4003049517805512,0.5469613259668508,226.9088487625122,True,False,,,1,cf1a0_00159,5e05bb66350d4ee796da0188af707933,2022-12-08_21-04-42,1670544282,226.9088487625122,123952,arch,192.168.1.113,226.9088487625122,0,1,0.0052740573883056,0.10125320434219168,0.0017117084559858796,6,13,0.9861847562737718,"/home/italo/ray_results/training_function_2022-12-08_15-54-51/training_function_cf1a0_00159_159_eta=0.1013,learning_rate=0.0017,max_depth=6,neurons_l1=13,weight_1=0.9862_2022-12-08_21-00-55"
160,0.397043885814177,0.5329512893982807,229.28528118133545,True,False,,,1,cf1a0_00160,f32c9b9a616b41dcabab4e597c522853,2022-12-08_21-08-07,1670544487,229.28528118133545,123988,arch,192.168.1.113,229.28528118133545,0,1,0.0048038959503173,0.1514830752549922,0.00295051324931246,5,19,0.6781533938594709,"/home/italo/ray_results/training_function_2022-12-08_15-54-51/training_function_cf1a0_00160_160_eta=0.1515,learning_rate=0.0030,max_depth=5,neurons_l1=19,weight_1=0.6782_2022-12-08_21-04-18"
161,0.3617702923916481,0.6612466124661247,230.4585337638855,True,False,,,1,cf1a0_00161,5e05bb66350d4ee796da0188af707933,2022-12-08_21-08-33,1670544513,230.4585337638855,123952,arch,192.168.1.113,230.4585337638855,0,1,0.0052740573883056,0.11338635944168975,0.00792428930444477,9,11,0.7580450755397621,"/home/italo/ray_results/training_function_2022-12-08_15-54-51/training_function_cf1a0_00161_161_eta=0.1134,learning_rate=0.0079,max_depth=9,neurons_l1=11,weight_1=0.7580_2022-12-08_21-04-42"
162,0.3555085115336083,0.6183844011142061,229.01387119293213,True,False,,,1,cf1a0_00162,f32c9b9a616b41dcabab4e597c522853,2022-12-08_21-11-56,1670544716,229.01387119293213,123988,arch,192.168.1.113,229.01387119293213,0,1,0.0048038959503173,0.07578711781058424,0.009461478567472849,4,20,0.7216956676588887,"/home/italo/ray_results/training_function_2022-12-08_15-54-51/training_function_cf1a0_00162_162_eta=0.0758,learning_rate=0.0095,max_depth=4,neurons_l1=20,weight_1=0.7217_2022-12-08_21-08-07"
163,0.3949759602546692,0.5229885057471264,231.31293725967407,True,False,,,1,cf1a0_00163,5e05bb66350d4ee796da0188af707933,2022-12-08_21-12-24,1670544744,231.31293725967407,123952,arch,192.168.1.113,231.31293725967407,0,1,0.0052740573883056,0.041096876631145175,0.001243824399328914,7,25,0.6693753090359132,"/home/italo/ray_results/training_function_2022-12-08_15-54-51/training_function_cf1a0_00163_163_eta=0.0411,learning_rate=0.0012,max_depth=7,neurons_l1=25,weight_1=0.6694_2022-12-08_21-08-33"
164,0.3673100012379723,0.6440677966101694,227.52824902534485,True,False,,,1,cf1a0_00164,f32c9b9a616b41dcabab4e597c522853,2022-12-08_21-15-44,1670544944,227.52824902534485,123988,arch,192.168.1.113,227.52824902534485,0,1,0.0048038959503173,0.11142982886062858,0.002726651241226776,7,10,0.7898806662317678,"/home/italo/ray_results/training_function_2022-12-08_15-54-51/training_function_cf1a0_00164_164_eta=0.1114,learning_rate=0.0027,max_depth=7,neurons_l1=10,weight_1=0.7899_2022-12-08_21-11-56"
165,0.3603915628549215,0.6703601108033241,228.526871919632,True,False,,,1,cf1a0_00165,5e05bb66350d4ee796da0188af707933,2022-12-08_21-16-13,1670544973,228.526871919632,123952,arch,192.168.1.113,228.526871919632,0,1,0.0052740573883056,0.09944083312623858,0.00731152419488738,9,10,0.7656293326907284,"/home/italo/ray_results/training_function_2022-12-08_15-54-51/training_function_cf1a0_00165_165_eta=0.0994,learning_rate=0.0073,max_depth=9,neurons_l1=10,weight_1=0.7656_2022-12-08_21-12-24"
166,0.4039468954543809,0.1201716738197425,223.4951982498169,True,False,,,1,cf1a0_00166,f32c9b9a616b41dcabab4e597c522853,2022-12-08_21-19-27,1670545167,223.4951982498169,123988,arch,192.168.1.113,223.4951982498169,0,1,0.0048038959503173,0.058987077964023145,0.00017419074684792756,3,16,0.6847731857282772,"/home/italo/ray_results/training_function_2022-12-08_15-54-51/training_function_cf1a0_00166_166_eta=0.0590,learning_rate=0.0002,max_depth=3,neurons_l1=16,weight_1=0.6848_2022-12-08_21-15-44"
167,0.3647415392302178,0.6494252873563219,228.74851608276367,True,False,,,1,cf1a0_00167,5e05bb66350d4ee796da0188af707933,2022-12-08_21-20-01,1670545201,228.74851608276367,123952,arch,192.168.1.113,228.74851608276367,0,1,0.0052740573883056,0.010744389723900506,0.0009628503169789712,7,20,0.7280283199257489,"/home/italo/ray_results/training_function_2022-12-08_15-54-51/training_function_cf1a0_00167_167_eta=0.0107,learning_rate=0.0010,max_depth=7,neurons_l1=20,weight_1=0.7280_2022-12-08_21-16-13"
168,0.3860326679171743,0.6510263929618769,227.93841361999512,True,False,,,1,cf1a0_00168,f32c9b9a616b41dcabab4e597c522853,2022-12-08_21-23-15,1670545395,227.93841361999512,123988,arch,192.168.1.113,227.93841361999512,0,1,0.0048038959503173,0.1761418772585829,0.0002606748717805863,5,24,0.7904025578894989,"/home/italo/ray_results/training_function_2022-12-08_15-54-51/training_function_cf1a0_00168_168_eta=0.1761,learning_rate=0.0003,max_depth=5,neurons_l1=24,weight_1=0.7904_2022-12-08_21-19-27"
169,0.3810556333612751,0.0,227.9698383808136,True,False,,,1,cf1a0_00169,5e05bb66350d4ee796da0188af707933,2022-12-08_21-23-49,1670545429,227.9698383808136,123952,arch,192.168.1.113,227.9698383808136,0,1,0.0052740573883056,0.035660085532510905,0.0013041892662810702,4,24,0.6063135058269956,"/home/italo/ray_results/training_function_2022-12-08_15-54-51/training_function_cf1a0_00169_169_eta=0.0357,learning_rate=0.0013,max_depth=4,neurons_l1=24,weight_1=0.6063_2022-12-08_21-20-01"
170,0.3838346274317922,0.634441087613293,229.4802188873291,True,False,,,1,cf1a0_00170,f32c9b9a616b41dcabab4e597c522853,2022-12-08_21-27-05,1670545625,229.4802188873291,123988,arch,192.168.1.113,229.4802188873291,0,1,0.0048038959503173,0.03585480337156915,0.00036902404758977763,9,14,0.7852187076316149,"/home/italo/ray_results/training_function_2022-12-08_15-54-51/training_function_cf1a0_00170_170_eta=0.0359,learning_rate=0.0004,max_depth=9,neurons_l1=14,weight_1=0.7852_2022-12-08_21-23-15"
171,0.3921970334407446,0.6321525885558583,232.60014533996585,True,False,,,1,cf1a0_00171,5e05bb66350d4ee796da0188af707933,2022-12-08_21-27-42,1670545662,232.60014533996585,123952,arch,192.168.1.113,232.60014533996585,0,1,0.0052740573883056,0.023798524632702787,0.0006020992299074369,8,27,0.9023416862960121,"/home/italo/ray_results/training_function_2022-12-08_15-54-51/training_function_cf1a0_00171_171_eta=0.0238,learning_rate=0.0006,max_depth=8,neurons_l1=27,weight_1=0.9023_2022-12-08_21-23-49"
172,0.3836280864638251,0.6606606606606606,226.97495198249817,True,False,,,1,cf1a0_00172,f32c9b9a616b41dcabab4e597c522853,2022-12-08_21-30-52,1670545852,226.97495198249817,123988,arch,192.168.1.113,226.97495198249817,0,1,0.0048038959503173,0.015862321173444428,0.00037439782786670244,9,16,0.7968266186817572,"/home/italo/ray_results/training_function_2022-12-08_15-54-51/training_function_cf1a0_00172_172_eta=0.0159,learning_rate=0.0004,max_depth=9,neurons_l1=16,weight_1=0.7968_2022-12-08_21-27-05"
173,0.4162279460075739,0.5504587155963303,225.28646755218503,True,False,,,1,cf1a0_00173,5e05bb66350d4ee796da0188af707933,2022-12-08_21-31-27,1670545887,225.28646755218503,123952,arch,192.168.1.113,225.28646755218503,0,1,0.0052740573883056,0.05906357624226102,0.0001647966622938666,5,12,0.8308235920568989,"/home/italo/ray_results/training_function_2022-12-08_15-54-51/training_function_cf1a0_00173_173_eta=0.0591,learning_rate=0.0002,max_depth=5,neurons_l1=12,weight_1=0.8308_2022-12-08_21-27-42"
174,0.3891959629348806,0.483695652173913,227.77347087860107,True,False,,,1,cf1a0_00174,f32c9b9a616b41dcabab4e597c522853,2022-12-08_21-34-40,1670546080,227.77347087860107,123988,arch,192.168.1.113,227.77347087860107,0,1,0.0048038959503173,0.015960415824944032,0.004512683690126992,4,22,0.6495518165260346,"/home/italo/ray_results/training_function_2022-12-08_15-54-51/training_function_cf1a0_00174_174_eta=0.0160,learning_rate=0.0045,max_depth=4,neurons_l1=22,weight_1=0.6496_2022-12-08_21-30-52"
175,0.4028379933254138,0.6519337016574586,228.1072037220001,True,False,,,1,cf1a0_00175,5e05bb66350d4ee796da0188af707933,2022-12-08_21-35-15,1670546115,228.1072037220001,123952,arch,192.168.1.113,228.1072037220001,0,1,0.0052740573883056,0.10873278860721655,0.00038021589395562284,5,19,0.9028128824745321,"/home/italo/ray_results/training_function_2022-12-08_15-54-51/training_function_cf1a0_00175_175_eta=0.1087,learning_rate=0.0004,max_depth=5,neurons_l1=19,weight_1=0.9028_2022-12-08_21-31-27"
176,0.3916145687973177,0.6039886039886039,231.8209712505341,True,False,,,1,cf1a0_00176,f32c9b9a616b41dcabab4e597c522853,2022-12-08_21-38-31,1670546311,231.8209712505341,123988,arch,192.168.1.113,231.8209712505341,0,1,0.0048038959503173,0.1023380192773939,0.00019723180511373747,9,25,0.7933560546827803,"/home/italo/ray_results/training_function_2022-12-08_15-54-51/training_function_cf1a0_00176_176_eta=0.1023,learning_rate=0.0002,max_depth=9,neurons_l1=25,weight_1=0.7934_2022-12-08_21-34-40"
177,0.3680405306655007,0.6112600536193029,226.49094605445865,True,False,,,1,cf1a0_00177,5e05bb66350d4ee796da0188af707933,2022-12-08_21-39-02,1670546342,226.49094605445865,123952,arch,192.168.1.113,226.49094605445865,0,1,0.0052740573883056,0.07957203553151053,0.003294115702511038,6,8,0.7838422029965357,"/home/italo/ray_results/training_function_2022-12-08_15-54-51/training_function_cf1a0_00177_177_eta=0.0796,learning_rate=0.0033,max_depth=6,neurons_l1=8,weight_1=0.7838_2022-12-08_21-35-15"
178,0.3619600937173173,0.6666666666666666,232.0420517921448,True,False,,,1,cf1a0_00178,f32c9b9a616b41dcabab4e597c522853,2022-12-08_21-42-24,1670546544,232.0420517921448,123988,arch,192.168.1.113,232.0420517921448,0,1,0.0048038959503173,0.033357014641827776,0.002034123242109232,7,25,0.7559249655467126,"/home/italo/ray_results/training_function_2022-12-08_15-54-51/training_function_cf1a0_00178_178_eta=0.0334,learning_rate=0.0020,max_depth=7,neurons_l1=25,weight_1=0.7559_2022-12-08_21-38-31"
179,0.3823997277665782,0.5078369905956114,230.2859466075897,True,False,,,1,cf1a0_00179,5e05bb66350d4ee796da0188af707933,2022-12-08_21-42-52,1670546572,230.2859466075897,123952,arch,192.168.1.113,230.2859466075897,0,1,0.0052740573883056,0.039412997663907,0.00016155993844019047,5,21,0.6788293479413491,"/home/italo/ray_results/training_function_2022-12-08_15-54-51/training_function_cf1a0_00179_179_eta=0.0394,learning_rate=0.0002,max_depth=5,neurons_l1=21,weight_1=0.6788_2022-12-08_21-39-02"
180,0.3890244119070671,0.6683937823834196,229.5132863521576,True,False,,,1,cf1a0_00180,f32c9b9a616b41dcabab4e597c522853,2022-12-08_21-46-13,1670546773,229.5132863521576,123988,arch,192.168.1.113,229.5132863521576,0,1,0.0048038959503173,0.17140323322810694,0.001512939513126816,5,19,0.9112306780926551,"/home/italo/ray_results/training_function_2022-12-08_15-54-51/training_function_cf1a0_00180_180_eta=0.1714,learning_rate=0.0015,max_depth=5,neurons_l1=19,weight_1=0.9112_2022-12-08_21-42-24"
181,0.4165536265920948,0.644808743169399,229.25760197639465,True,False,,,1,cf1a0_00181,5e05bb66350d4ee796da0188af707933,2022-12-08_21-46-42,1670546802,229.25760197639465,123952,arch,192.168.1.113,229.25760197639465,0,1,0.0052740573883056,0.021543680348217433,0.005748445302897891,5,18,0.9606142718247999,"/home/italo/ray_results/training_function_2022-12-08_15-54-51/training_function_cf1a0_00181_181_eta=0.0215,learning_rate=0.0057,max_depth=5,neurons_l1=18,weight_1=0.9606_2022-12-08_21-42-52"
182,0.3678679272935197,0.655367231638418,225.64199709892276,True,False,,,1,cf1a0_00182,f32c9b9a616b41dcabab4e597c522853,2022-12-08_21-49-59,1670546999,225.64199709892276,123988,arch,192.168.1.113,225.64199709892276,0,1,0.0048038959503173,0.012477534468573408,0.0005634647318186179,4,11,0.7440834584133765,"/home/italo/ray_results/training_function_2022-12-08_15-54-51/training_function_cf1a0_00182_182_eta=0.0125,learning_rate=0.0006,max_depth=4,neurons_l1=11,weight_1=0.7441_2022-12-08_21-46-13"
183,0.4167864020611789,0.6588235294117647,228.16343355178836,True,False,,,1,cf1a0_00183,5e05bb66350d4ee796da0188af707933,2022-12-08_21-50-30,1670547030,228.16343355178836,123952,arch,192.168.1.113,228.16343355178836,0,1,0.0052740573883056,0.015158950614369279,0.0002569278951690391,7,19,0.8935555536523353,"/home/italo/ray_results/training_function_2022-12-08_15-54-51/training_function_cf1a0_00183_183_eta=0.0152,learning_rate=0.0003,max_depth=7,neurons_l1=19,weight_1=0.8936_2022-12-08_21-46-42"
184,0.4128953746041736,0.6312849162011174,231.2434244155884,True,False,,,1,cf1a0_00184,f32c9b9a616b41dcabab4e597c522853,2022-12-08_21-53-50,1670547230,231.2434244155884,123988,arch,192.168.1.113,231.2434244155884,0,1,0.0048038959503173,0.18978455385996704,0.0004949737920824745,8,21,0.9481553751223621,"/home/italo/ray_results/training_function_2022-12-08_15-54-51/training_function_cf1a0_00184_184_eta=0.1898,learning_rate=0.0005,max_depth=8,neurons_l1=21,weight_1=0.9482_2022-12-08_21-49-59"
185,0.3569557215716388,0.7008086253369272,232.89051151275635,True,False,,,1,cf1a0_00185,5e05bb66350d4ee796da0188af707933,2022-12-08_21-54-23,1670547263,232.89051151275635,123952,arch,192.168.1.113,232.89051151275635,0,1,0.0052740573883056,0.040757803532948736,0.002052476420721439,8,23,0.7315091209457489,"/home/italo/ray_results/training_function_2022-12-08_15-54-51/training_function_cf1a0_00185_185_eta=0.0408,learning_rate=0.0021,max_depth=8,neurons_l1=23,weight_1=0.7315_2022-12-08_21-50-30"
186,0.3548459261655807,0.6470588235294117,227.45647621154785,True,False,,,1,cf1a0_00186,f32c9b9a616b41dcabab4e597c522853,2022-12-08_21-57-38,1670547458,227.45647621154785,123988,arch,192.168.1.113,227.45647621154785,0,1,0.0048038959503173,0.023810551910401722,0.007002804477719319,7,10,0.7063518314092093,"/home/italo/ray_results/training_function_2022-12-08_15-54-51/training_function_cf1a0_00186_186_eta=0.0238,learning_rate=0.0070,max_depth=7,neurons_l1=10,weight_1=0.7064_2022-12-08_21-53-50"
187,0.4034457303382255,0.5688622754491017,226.51796317100525,True,False,,,1,cf1a0_00187,5e05bb66350d4ee796da0188af707933,2022-12-08_21-58-09,1670547489,226.51796317100525,123952,arch,192.168.1.113,226.51796317100525,0,1,0.0052740573883056,0.03978807016941311,0.004383015338759341,8,8,0.9738375967222623,"/home/italo/ray_results/training_function_2022-12-08_15-54-51/training_function_cf1a0_00187_187_eta=0.0398,learning_rate=0.0044,max_depth=8,neurons_l1=8,weight_1=0.9738_2022-12-08_21-54-23"
188,0.3897657132632023,0.028169014084507,226.35891842842105,True,False,,,1,cf1a0_00188,f32c9b9a616b41dcabab4e597c522853,2022-12-08_22-01-24,1670547684,226.35891842842105,123988,arch,192.168.1.113,226.35891842842105,0,1,0.0048038959503173,0.13635193047546343,0.00426233249795015,3,19,0.6387930562455842,"/home/italo/ray_results/training_function_2022-12-08_15-54-51/training_function_cf1a0_00188_188_eta=0.1364,learning_rate=0.0043,max_depth=3,neurons_l1=19,weight_1=0.6388_2022-12-08_21-57-38"
189,0.4349097822969024,0.5607476635514018,225.69705605506897,True,False,,,1,cf1a0_00189,5e05bb66350d4ee796da0188af707933,2022-12-08_22-01-55,1670547715,225.69705605506897,123952,arch,192.168.1.113,225.69705605506897,0,1,0.0052740573883056,0.014827687191209355,0.00015331726066941217,5,9,0.8665539765729644,"/home/italo/ray_results/training_function_2022-12-08_15-54-51/training_function_cf1a0_00189_189_eta=0.0148,learning_rate=0.0002,max_depth=5,neurons_l1=9,weight_1=0.8666_2022-12-08_21-58-09"
190,0.3705590959336307,0.6666666666666669,226.93060779571533,True,False,,,1,cf1a0_00190,f32c9b9a616b41dcabab4e597c522853,2022-12-08_22-05-11,1670547911,226.93060779571533,123988,arch,192.168.1.113,226.93060779571533,0,1,0.0048038959503173,0.03338783271962665,0.0015966174566702206,7,12,0.8212716444566341,"/home/italo/ray_results/training_function_2022-12-08_15-54-51/training_function_cf1a0_00190_190_eta=0.0334,learning_rate=0.0016,max_depth=7,neurons_l1=12,weight_1=0.8213_2022-12-08_22-01-24"
191,0.3815735727548599,0.0,224.8195641040802,True,False,,,1,cf1a0_00191,5e05bb66350d4ee796da0188af707933,2022-12-08_22-05-40,1670547940,224.8195641040802,123952,arch,192.168.1.113,224.8195641040802,0,1,0.0052740573883056,0.03242723203478004,0.000371420255358599,3,14,0.6083745741731522,"/home/italo/ray_results/training_function_2022-12-08_15-54-51/training_function_cf1a0_00191_191_eta=0.0324,learning_rate=0.0004,max_depth=3,neurons_l1=14,weight_1=0.6084_2022-12-08_22-01-55"
192,0.410542695506199,0.6329787234042553,226.9645409584045,True,False,,,1,cf1a0_00192,f32c9b9a616b41dcabab4e597c522853,2022-12-08_22-08-58,1670548138,226.9645409584045,123988,arch,192.168.1.113,226.9645409584045,0,1,0.0048038959503173,0.04164583244257137,0.0006094613093669403,5,12,0.9473811906142009,"/home/italo/ray_results/training_function_2022-12-08_15-54-51/training_function_cf1a0_00192_192_eta=0.0416,learning_rate=0.0006,max_depth=5,neurons_l1=12,weight_1=0.9474_2022-12-08_22-05-11"
193,0.3649117817749848,0.6744186046511628,228.5009241104126,True,False,,,1,cf1a0_00193,5e05bb66350d4ee796da0188af707933,2022-12-08_22-09-28,1670548168,228.5009241104126,123952,arch,192.168.1.113,228.5009241104126,0,1,0.0052740573883056,0.06833493562698661,0.0003838863065958156,3,27,0.7094388204982148,"/home/italo/ray_results/training_function_2022-12-08_15-54-51/training_function_cf1a0_00193_193_eta=0.0683,learning_rate=0.0004,max_depth=3,neurons_l1=27,weight_1=0.7094_2022-12-08_22-05-40"
194,0.3509020930206453,0.6768292682926829,225.9767019748688,True,False,,,1,cf1a0_00194,f32c9b9a616b41dcabab4e597c522853,2022-12-08_22-12-44,1670548364,225.9767019748688,123988,arch,192.168.1.113,225.9767019748688,0,1,0.0048038959503173,0.01167306635782396,0.0010048422443279372,5,17,0.6091136376455797,"/home/italo/ray_results/training_function_2022-12-08_15-54-51/training_function_cf1a0_00194_194_eta=0.0117,learning_rate=0.0010,max_depth=5,neurons_l1=17,weight_1=0.6091_2022-12-08_22-08-58"
195,0.4004857322654208,0.607242339832869,225.39324951171875,True,False,,,1,cf1a0_00195,5e05bb66350d4ee796da0188af707933,2022-12-08_22-13-14,1670548394,225.39324951171875,123952,arch,192.168.1.113,225.39324951171875,0,1,0.0052740573883056,0.0246992979499913,0.0020023189794496736,5,8,0.9397189637936483,"/home/italo/ray_results/training_function_2022-12-08_15-54-51/training_function_cf1a0_00195_195_eta=0.0247,learning_rate=0.0020,max_depth=5,neurons_l1=8,weight_1=0.9397_2022-12-08_22-09-28"
196,0.3820091723590283,0.1106382978723404,231.16475677490237,True,False,,,1,cf1a0_00196,f32c9b9a616b41dcabab4e597c522853,2022-12-08_22-16-35,1670548595,231.16475677490237,123988,arch,192.168.1.113,231.16475677490237,0,1,0.0048038959503173,0.10663584716199533,0.0004466880970937828,9,18,0.610095133697209,"/home/italo/ray_results/training_function_2022-12-08_15-54-51/training_function_cf1a0_00196_196_eta=0.1066,learning_rate=0.0004,max_depth=9,neurons_l1=18,weight_1=0.6101_2022-12-08_22-12-44"
197,0.3705911894102354,0.4271186440677966,229.51262640953064,True,False,,,1,cf1a0_00197,5e05bb66350d4ee796da0188af707933,2022-12-08_22-17-03,1670548623,229.51262640953064,123952,arch,192.168.1.113,229.51262640953064,0,1,0.0052740573883056,0.09746500691299559,0.0009497758072110292,4,23,0.995054548001177,"/home/italo/ray_results/training_function_2022-12-08_15-54-51/training_function_cf1a0_00197_197_eta=0.0975,learning_rate=0.0009,max_depth=4,neurons_l1=23,weight_1=0.9951_2022-12-08_22-13-14"
198,0.3725198575773755,0.6200607902735562,230.59714007377625,True,False,,,1,cf1a0_00198,f32c9b9a616b41dcabab4e597c522853,2022-12-08_22-20-26,1670548826,230.59714007377625,123988,arch,192.168.1.113,230.59714007377625,0,1,0.0048038959503173,0.01335553725674455,0.00032261432923629853,9,26,0.6815491969623623,"/home/italo/ray_results/training_function_2022-12-08_15-54-51/training_function_cf1a0_00198_198_eta=0.0134,learning_rate=0.0003,max_depth=9,neurons_l1=26,weight_1=0.6815_2022-12-08_22-16-35"
199,0.3985317095711425,0.4113475177304965,223.0237455368042,True,False,,,1,cf1a0_00199,5e05bb66350d4ee796da0188af707933,2022-12-08_22-20-46,1670548846,223.0237455368042,123952,arch,192.168.1.113,223.0237455368042,0,1,0.0052740573883056,0.026069071255904065,0.0001961083552997961,3,11,0.7465116643387064,"/home/italo/ray_results/training_function_2022-12-08_15-54-51/training_function_cf1a0_00199_199_eta=0.0261,learning_rate=0.0002,max_depth=3,neurons_l1=11,weight_1=0.7465_2022-12-08_22-17-03"
